NO,A_A_1,A_A_2,A_A_3,A_A_4,A_A_5,A_P_1,A_P_2,A_P_3,A_P_4,A_P_5,A_PA_1,A_PA_2,A_PA_3,A_PA_4,A_PA_5,S_A_1,S_A_2,S_A_3,S_A_4,S_A_5,S_P_1,S_P_2,S_P_3,S_P_4,S_P_5,S_PA_1,S_PA_2,S_PA_3,S_PA_4,S_PA_5,Time_of_outreach,No_of_Punishment,Relationship,Score_of_Punishment_Of_P,Score_of_Punishment_Of_H,Nationality,Gender ,Age,Education ,NO.of.fam,Income,Village,PAs,Time to PAs,A_A_14,A_P_124,A_PA_15,A_PA_234,S_A_T,S_P_T,S_PA_USE,S_PA_DIS
20151009001,0,-1,1,-1,1,1,-1,1,0,1,1,1,1,1,1,1,1,1,1,0,1,1,1,0,1,0,0,0,0,-1,1.5,0,0,0,0,Bulang,1,26,Elementary,3,20,PADIAN,BULANGSHAN,2,-0.5,0,1,1,0.8,0.8,0,-0.5
20151009002,0,-1,1,1,1,1,-1,1,1,1,0,1,1,1,1,-1,1,1,1,1,1,1,1,0,1,1,1,1,-1,-1,7.5,0,1,0,0,Bulang,1,42,None,5,40,PADIAN,BULANGSHAN,NA,-0.5,0.333333333,0.5,1,0.6,0.8,1,-1
20151009003,0,-1,1,1,1,1,1,1,1,1,1,1,1,1,1,1,1,1,0,1,1,1,1,0,1,1,1,1,1,1,7.5,0,1,0,0,Bulang,1,45,None,6,20,PADIAN,BULANGSHAN,NA,-0.5,1,1,1,0.8,0.8,1,1
20151009004,1,-1,1,-1,1,1,1,1,1,0,-1,1,1,1,0,1,1,1,0,1,1,1,1,0,-1,0,0,1,-1,-1,7.5,0,1,0,0,Bulang,1,27,None,4,7.5,PADIAN,BULANGSHAN,NA,0,1,-0.5,1,0.8,0.4,0.333333333,-1
20151009005,1,-1,1,-1,1,-1,-1,1,1,1,-1,1,1,1,0,1,1,1,0,1,1,1,1,0,1,1,1,1,-1,-1,4,0,1,0.333333333,0.25,Bulang,1,52,None,3,40,PADIAN,BULANGSHAN,NA,0,-0.333333333,-0.5,1,0.8,0.8,1,-1
20151009006,1,-1,1,-1,1,1,-1,1,1,1,0,-1,1,-1,0,-1,-1,1,1,1,-1,-1,-1,1,1,1,1,1,-1,-1,0,0,1,0,0.5,Bulang,1,30,Elementary,3,20,PADIAN,BULANGSHAN,NA,0,0.333333333,0,-0.333333333,0.2,-0.2,1,-1
20151009007,1,1,1,-1,1,1,-1,1,1,1,1,1,-1,1,0,-1,-1,1,1,1,-1,-1,-1,-1,1,1,1,0,-1,-1,4,0,-1,0,0.25,Bulang,1,22,Middle,5,20,PADIAN,BULANGSHAN,30,1,0.333333333,0.5,0.333333333,0.2,-0.6,0.666666667,-1
20151009008,1,1,1,-1,1,-1,-1,1,1,0,1,1,1,0,0,1,1,1,1,1,1,1,1,1,1,1,1,1,-1,-1,1.5,0,1,0.333333333,0,Bulang,1,20,Middle,4,20,PADIAN,BULANGSHAN,NA,1,-0.333333333,0.5,0.666666667,1,1,1,-1
20151009009,1,-1,-1,-1,1,1,1,1,-1,1,1,0,1,1,1,1,1,-1,0,1,1,1,-1,0,-1,1,1,1,0,0,1.5,0,1,0.333333333,0.25,Lahu,1,61,Elementary,7,20,BANNUODONG,BULANGSHAN,30,0,0.333333333,1,0.666666667,0.4,0,1,0
20151009010,1,1,1,-1,1,1,-1,1,-1,0,1,1,1,1,1,1,1,-1,1,1,1,1,1,0,1,1,1,1,0,1,1.5,0,1,0.333333333,0.5,Lahu,1,25,Elementary,4,20,BANNUODONG,BULANGSHAN,60,1,-0.333333333,1,1,0.6,0.8,1,0.5
20151009011,1,-1,1,-1,1,1,-1,1,-1,1,-1,0,1,0,0,1,1,1,0,1,-1,-1,-1,0,-1,0,-1,0,-1,-1,0,0,0,0,0,Lahu,1,32,None,3,20,BANNUODONG,BULANGSHAN,30,0,-0.333333333,-0.5,0.333333333,0.8,-0.8,-0.333333333,-1
20151010001,1,1,1,1,1,-1,-1,1,1,1,-1,1,1,1,1,1,1,1,1,1,-1,-1,-1,-1,-1,1,1,1,1,1,1.5,NA,1,0.666666667,0.75,Bulang,1,54,Elementary,3,5,MENGANG,BULANGSHAN,20,1,-0.333333333,0,1,1,-1,1,1
20151010002,-1,1,1,1,1,-1,1,1,1,1,1,1,1,1,1,1,1,1,1,-1,1,1,1,1,-1,1,1,1,1,1,1.5,0,1,0.333333333,0.75,Bulang,1,27,Secondary school,3,7.5,MENGANG,BULANGSHAN,20,0,0.333333333,1,1,0.6,0.6,1,1
20151010003,-1,-1,0,1,1,1,1,1,1,1,1,1,1,-1,1,1,1,1,1,1,1,1,-1,1,-1,1,1,1,1,1,4,0,2,0.333333333,0.5,Bulang,1,19,High,4,20,MENGANG,BULANGSHAN,20,-1,1,1,0.333333333,1,0.2,1,1
20151010004,1,1,1,1,1,1,1,1,1,1,1,1,1,1,1,1,1,1,1,1,1,1,1,1,-1,1,1,1,1,1,4,0,0,0.666666667,0.5,Bulang,1,18,Middle,3,20,MENGANG,BULANGSHAN,20,1,1,1,1,1,0.6,1,1
20151010005,1,1,0,1,1,1,1,1,1,1,1,1,1,1,1,1,1,1,1,1,-1,-1,-1,-1,-1,1,1,1,0,1,1.5,NA,1,0,0.25,Bulang,1,49,Elementary,1,20,MENGANG,BULANGSHAN,20,1,1,1,1,1,-1,1,0.5
20151010006,1,1,1,1,1,1,0,1,-1,-1,-1,0,1,-1,0,1,1,1,1,1,-1,-1,-1,-1,-1,0,-1,-1,-1,-1,1.5,7.5,0,0,0.25,Bulang,1,46,Elementary,4,40,MENGANG,BULANGSHAN,20,1,0,-0.5,0,1,-1,-0.666666667,-1
20151010007,1,1,1,-1,1,1,-1,1,1,1,1,1,1,1,1,1,1,1,1,0,1,1,1,1,1,1,1,1,1,1,NA,3,0,0,0.25,Bulang,1,28,Middle,4,7.5,MENGANG,BULANGSHAN,20,1,0.333333333,1,1,0.8,1,1,1
20151010008,1,-1,1,-1,1,-1,-1,1,1,1,1,1,1,1,1,1,1,1,-1,0,-1,-1,-1,-1,-1,1,1,1,1,1,1.5,3,1,0.333333333,0.25,Bulang,1,52,Middle,3,40,MENGANG,BULANGSHAN,20,0,-0.333333333,1,1,0.4,-1,1,1
20151010009,1,-1,1,1,1,1,-1,1,1,1,1,0,1,1,1,1,1,1,0,0,-1,-1,-1,0,-1,1,1,1,-1,-1,1.5,0,1,0,0,Bulang,2,43,None,3,125,MENGANG,BULANGSHAN,20,0,0.333333333,1,0.666666667,0.6,-0.8,1,-1
20151010010,1,1,1,-1,1,1,-1,1,1,1,1,0,1,1,1,1,1,1,1,0,-1,-1,-1,1,-1,1,1,1,0,1,1.5,0,1,0,0.25,Bulang,1,36,Middle,4,40,MENGANG,BULANGSHAN,20,1,0.333333333,1,0.666666667,0.8,-0.6,1,0.5
20151010011,1,1,-1,-1,1,-1,-1,1,1,1,-1,1,1,1,1,1,1,1,1,1,-1,-1,-1,-1,1,0,1,0,1,1,12.5,0,NA,0.666666667,0.5,Bulang,1,34,Middle,3,20,MENGANG,BULANGSHAN,20,1,-0.333333333,0,1,1,-0.6,0.333333333,1
20151010012,1,1,1,1,1,1,-1,1,1,1,1,1,1,1,1,1,1,1,1,1,-1,-1,-1,-1,-1,-1,1,1,0,1,4,0,1,0,0.25,Bulang,1,33,Middle,5,40,MENGANG,BULANGSHAN,20,1,0.333333333,1,1,1,-1,0.333333333,0.5
20151010013,1,-1,1,-1,0,-1,-1,1,1,1,1,1,-1,1,-1,1,1,1,1,1,-1,-1,-1,-1,-1,1,1,1,1,1,1.5,0,1,0,0.25,Bulang,1,41,Elementary,4,7.5,MENGANG,BULANGSHAN,20,0,-0.333333333,0,0.333333333,1,-1,1,1
20151010014,1,1,1,1,1,1,1,1,-1,1,1,1,1,1,1,-1,1,1,1,1,-1,-1,-1,1,-1,1,1,1,1,1,1.5,0,1,0,0,Bulang,1,42,Middle,4,40,MENGANG,BULANGSHAN,20,1,0.333333333,1,1,0.6,-0.6,1,1
20151010015,1,1,0,1,1,-1,-1,1,1,1,1,1,1,1,0,-1,-1,1,1,-1,-1,-1,-1,-1,-1,0,1,1,0,1,1.5,3,1,0,0.5,Bulang,1,53,Elementary,1,75,MENGANG,BULANGSHAN,20,1,-0.333333333,0.5,1,-0.2,-1,0.666666667,0.5
20151010016,1,1,1,-1,1,1,-1,1,1,1,1,1,-1,1,1,1,1,1,1,0,-1,-1,-1,-1,-1,1,1,1,-1,-1,1.5,0,NA,0,0.5,Bulang,1,62,Elementary,6,125,MENGANG,BULANGSHAN,20,1,0.333333333,1,0.333333333,0.8,-1,1,-1
20151010017,1,-1,1,0,1,-1,-1,1,0,1,0,-1,-1,1,1,0,-1,1,-1,0,-1,-1,-1,-1,-1,0,0,0,-1,-1,1.5,3,0,0,0.25,Bulang,1,49,Elementary,3,20,MENGANG,BULANGSHAN,20,0,-0.666666667,0.5,-0.333333333,-0.2,-1,0,-1
20151010018,1,1,-1,-1,-1,-1,-1,1,-1,1,-1,0,1,1,1,-1,-1,-1,-1,0,-1,-1,-1,-1,-1,0,0,0,-1,-1,1.5,3,1,0,0.5,Bulang,1,60,Elementary,5,20,MENGANG,BULANGSHAN,20,1,-1,0,0.666666667,-0.8,-1,0,-1
20151010019,1,1,1,-1,0,-1,-1,1,-1,1,0,0,1,1,1,0,1,1,1,1,-1,-1,-1,-1,-1,1,1,0,0,0,1.5,0,-1,0.333333333,0.5,Bulang,1,43,Elementary,4,40,MENGANG,BULANGSHAN,10,1,-1,0.5,0.666666667,0.8,-1,0.666666667,0
20151010020,1,1,-1,-1,1,1,1,1,1,1,1,0,1,1,1,1,1,1,0,1,1,1,1,0,1,1,1,1,1,1,1.5,0,0,0.333333333,0.5,Bulang,1,54,Elementary,2,125,MENGANG,BULANGSHAN,20,1,1,1,0.666666667,0.8,0.8,1,1
20151011001,-1,1,-1,1,1,0,0,1,1,1,1,1,1,-1,1,1,1,1,1,-1,1,0,1,1,1,1,1,1,1,1,NA,NA,NA,0,0,Bulang,1,23,High,3,20,LAONANDONG,BULANGSHAN,20,0,0.333333333,1,0.333333333,0.6,0.8,1,1
20151011002,-1,1,1,1,1,1,1,1,1,1,1,1,-1,-1,1,1,1,-1,1,1,1,1,1,1,1,1,1,1,-1,-1,NA,NA,1,0.333333333,0.25,Bulang,1,23,Elementary,5,7.5,LAONANDONG,BULANGSHAN,120,0,1,1,-0.333333333,0.6,1,1,-1
20151011003,1,1,1,1,-1,-1,1,1,-1,1,1,1,1,1,1,1,1,1,1,1,1,1,1,1,-1,1,1,1,1,1,NA,NA,NA,0.333333333,0.25,Bulang,1,18,Elementary,3,7.5,LAONANDONG,BULANGSHAN,120,1,-0.333333333,1,1,1,0.6,1,1
20151011004,1,-1,1,-1,1,-1,-1,-1,1,0,-1,-1,-1,1,1,-1,-1,1,1,1,1,1,1,-1,1,0,0,0,0,-1,1.5,0,NA,0.333333333,0.25,Bulang,1,26,Elementary,3,20,LAONANDONG,BULANGSHAN,80,0,-0.333333333,0,-0.333333333,0.2,0.6,0,-0.5
20151011005,1,-1,-1,-1,1,-1,-1,1,-1,1,1,1,-1,-1,1,1,1,1,1,1,1,1,1,-1,-1,1,1,1,1,1,NA,0,0,0.333333333,0.75,Bulang,1,24,Elementary,4,20,LAONANDONG,BULANGSHAN,NA,0,-1,1,-0.333333333,1,0.2,1,1
20151011006,1,-1,-1,-1,1,-1,-1,1,-1,1,1,1,1,1,1,1,1,1,1,1,-1,-1,-1,-1,-1,1,1,1,-1,-1,1.5,0,1,0,0.25,Bulang,1,27,Elementary,5,20,LAONANDONG,BULANGSHAN,120,0,-1,1,1,1,-1,1,-1
20151011007,1,1,-1,1,1,-1,1,1,-1,1,1,-1,-1,-1,1,-1,0,-1,1,-1,-1,-1,-1,-1,-1,-1,1,0,0,1,0,0,1,0,0.75,Bulang,1,19,Middle,4,40,LAONANDONG,BULANGSHAN,30,1,-0.333333333,1,-1,-0.4,-1,0,0.5
20151011008,1,1,-1,1,-1,1,1,1,-1,1,1,-1,1,1,1,-1,-1,-1,1,-1,-1,-1,-1,1,-1,-1,1,1,-1,-1,4,7.5,0,0.666666667,0.75,Bulang,1,18,Middle,7,20,LAONANDONG,BULANGSHAN,30,1,0.333333333,1,0.333333333,-0.6,-0.6,0.333333333,-1
20151011009,0,-1,1,-1,-1,1,-1,-1,1,1,-1,0,-1,1,0,1,-1,1,0,-1,-1,-1,-1,-1,-1,1,1,0,-1,-1,1.5,0,1,0.333333333,0.5,Bulang,1,38,None,6,20,LAONANDONG,BULANGSHAN,20,-0.5,0.333333333,-0.5,0,0,-1,0.666666667,-1
20151011010,0,-1,-1,-1,-1,1,-1,-1,-1,1,-1,0,1,1,0,-1,-1,-1,0,-1,-1,-1,-1,0,-1,-1,-1,1,1,1,1.5,0,1,0,0.75,Bulang,1,38,None,2,20,LAONANDONG,BULANGSHAN,20,-0.5,-0.333333333,-0.5,0.666666667,-0.8,-0.8,-0.333333333,1
20151011011,1,-1,1,-1,1,-1,-1,1,1,1,1,1,-1,1,-1,1,1,1,1,1,1,1,1,1,1,0,1,0,-1,-1,4,0,-1,0.333333333,0.25,Bulang,1,42,Elementary,6,20,XINMAN'E,BULANGSHAN,15,0,-0.333333333,0,0.333333333,1,1,0.333333333,-1
20151011012,1,1,-1,0,1,1,1,1,1,1,1,1,-1,1,-1,1,1,1,1,1,-1,-1,-1,-1,-1,0,1,0,0,1,4,0,1,0,0.25,Bulang,2,21,Middle,3,20,XINMAN'E,BULANGSHAN,15,1,1,0,0.333333333,1,-1,0.333333333,0.5
20151011013,1,1,-1,-1,1,-1,-1,1,1,1,1,1,1,1,1,1,1,1,1,1,1,1,1,1,-1,1,1,1,1,1,15,3,1,0,0.25,Bulang,1,35,Elementary,3,40,XINMAN'E,BULANGSHAN,20,1,-0.333333333,1,1,1,0.6,1,1
20151011014,1,1,-1,1,1,1,1,1,-1,1,1,-1,-1,1,1,1,1,1,1,1,-1,-1,-1,-1,-1,1,1,1,-1,-1,4,3,1,0.333333333,0.25,Bulang,1,28,Middle,5,7.5,XINMAN'E,BULANGSHAN,10,1,0.333333333,1,-0.333333333,1,-1,1,-1
20151011015,1,1,1,-1,1,1,0,1,-1,1,1,1,1,1,1,1,1,1,1,1,-1,-1,-1,-1,-1,0,-1,1,0,-1,1.5,NA,0,0,0.25,Bulang,1,35,Elementary,4,40,XINMAN'E,BULANGSHAN,10,1,0,1,1,1,-1,0,-0.5
20151011016,1,0,-1,-1,1,-1,-1,1,-1,0,-1,-1,-1,1,-1,-1,-1,1,-1,1,-1,-1,-1,-1,-1,-1,-1,-1,0,-1,7.5,3,NA,0,0.5,Bulang,1,40,Elementary,5,20,XINMAN'E,BULANGSHAN,20,0.5,-1,-1,-0.333333333,-0.2,-1,-1,-0.5
20151011017,1,-1,1,-1,1,-1,0,1,1,1,0,1,-1,1,0,1,1,-1,1,0,-1,-1,-1,-1,-1,0,1,0,0,0,1.5,0,1,0,0.75,Bulang,1,27,Middle,4,7.5,XINMAN'E,BULANGSHAN,20,0,0,0,0.333333333,0.4,-1,0.333333333,0
20151011018,1,1,1,-1,1,-1,-1,1,1,1,-1,-1,-1,-1,-1,1,1,-1,1,0,-1,-1,-1,-1,-1,0,0,-1,-1,-1,4,3,0,0.333333333,0.25,Bulang,1,26,Elementary,3,20,XINMAN'E,BULANGSHAN,20,1,-0.333333333,-1,-1,0.4,-1,-0.333333333,-1
20151011019,0,-1,-1,0,1,-1,1,0,-1,1,0,-1,-1,1,1,-1,1,1,-1,-1,-1,-1,-1,-1,-1,0,0,-1,-1,-1,1.5,0,NA,0,0.5,Bulang,1,53,Elementary,1,7.5,XINMAN'E,BULANGSHAN,20,-0.5,-0.333333333,0.5,-0.333333333,-0.2,-1,-0.333333333,-1
20151011020,0,-1,1,-1,-1,-1,-1,1,1,1,-1,1,-1,1,1,0,-1,1,-1,1,-1,-1,-1,-1,-1,-1,-1,-1,1,1,1.5,3,-2,0,0.5,Bulang,1,38,Elementary,4,20,XINMAN'E,BULANGSHAN,20,-0.5,-0.333333333,0,0.333333333,0,-1,-1,1
20150825001,1,1,0,0,1,1,1,1,1,1,1,1,1,0,1,1,1,1,1,1,1,1,1,1,1,1,1,1,1,1,NA,0,0,0.333333333,0.25,Dai,2,22,Middle,4,20,XINSHENZHAI,MANGAO,NA,1,1,1,0.666666667,1,1,1,1
20150825002,1,-1,1,1,1,-1,-1,1,1,1,1,1,1,-1,1,1,1,1,1,1,1,1,1,1,1,1,1,1,1,1,1.5,0,NA,0,0.25,Dai,1,54,Elementary,5,20,XINSHENZHAI,MANGAO,3,0,-0.333333333,1,0.333333333,1,1,1,1
20150825003,1,1,0,1,1,-1,-1,1,1,1,1,1,-1,1,1,1,1,1,1,1,-1,1,1,1,1,1,1,1,1,1,1.5,0,2,0.333333333,0.25,Dai,1,51,Middle,7,40,XINSHENZHAI,MANGAO,2,1,-0.333333333,1,0.333333333,1,0.6,1,1
20150825004,1,1,1,1,1,1,1,1,1,1,1,1,1,1,1,1,1,1,1,1,1,1,1,1,1,1,1,1,1,1,1.5,0,1,0.333333333,0.25,Dai,1,22,Middle,6,40,XINSHENZHAI,MANGAO,30,1,1,1,1,1,1,1,1
20150825005,1,-1,1,-1,1,1,-1,1,1,1,1,1,1,1,1,1,1,1,1,1,-1,-1,1,0,-1,1,1,1,1,1,1.5,0,1,0.333333333,0.25,Dai,2,27,Elementary,5,20,XINSHENZHAI,MANGAO,60,0,0.333333333,1,1,1,-0.4,1,1
20150825006,1,-1,1,0,1,1,1,1,1,1,1,1,1,1,1,1,1,1,0,1,-1,-1,1,0,-1,1,1,1,1,1,1.5,0,1,0.333333333,0.5,Dai,2,39,None,5,20,XINSHENZHAI,MANGAO,60,0,1,1,1,0.8,-0.4,1,1
20150825007,1,1,1,-1,1,-1,-1,1,1,1,1,1,-1,1,1,1,1,1,1,1,-1,-1,-1,1,-1,1,1,1,1,1,1.5,0,1,0.333333333,0.75,Dai,1,28,Middle,6,40,XINSHENZHAI,MANGAO,60,1,-0.333333333,1,0.333333333,1,-0.6,1,1
20150825008,1,1,-1,1,1,1,-1,1,1,1,1,1,-1,1,1,1,1,1,1,1,1,-1,1,1,-1,1,1,1,1,1,1.5,0,1,0.333333333,0.5,Dai,1,33,Elementary,5,20,XINSHENZHAI,MANGAO,30,1,0.333333333,1,0.333333333,1,0.2,1,1
20150825009,1,-1,1,1,1,0,-1,1,-1,0,1,1,1,-1,1,1,1,1,1,1,1,1,1,1,1,1,1,1,1,1,1.5,0,1,0,0.25,Dai,1,46,Elementary,3,20,XINSHENZHAI,MANGAO,30,0,-0.666666667,1,0.333333333,1,1,1,1
20150825010,1,0,-1,1,1,-1,1,1,1,1,1,1,1,1,1,1,1,1,1,1,1,1,-1,1,1,1,1,1,1,1,1.5,0,0,0,0.25,Dai,1,39,None,6,7.5,XINSHENZHAI,MANGAO,60,0.5,0.333333333,1,1,1,0.6,1,1
20150825011,1,-1,-1,0,1,-1,1,1,1,1,1,1,1,1,1,1,1,1,1,1,0,-1,-1,1,1,1,1,1,1,1,1.5,0,NA,0,0.25,Dai,1,50,Elementary,5,40,XINSHENZHAI,MANGAO,30,0,0.333333333,1,1,1,0,1,1
20150825012,1,-1,1,1,1,-1,-1,1,1,1,1,1,1,-1,1,1,1,1,1,1,1,1,1,1,1,1,1,1,1,1,4,0,1,0.333333333,0.25,Dai,1,58,None,5,20,XINSHENZHAI,MANGAO,1,0,-0.333333333,1,0.333333333,1,1,1,1
20150825013,1,0,1,1,1,-1,1,1,1,1,1,1,1,1,1,1,1,1,1,1,-1,1,-1,1,1,1,1,1,1,1,4,0,1,0,0.25,Dai,1,27,Elementary,6,20,XINSHENZHAI,MANGAO,30,0.5,0.333333333,1,1,1,0.2,1,1
20150823001,1,1,1,1,1,1,1,1,1,1,1,1,1,1,1,1,1,1,1,1,1,1,1,1,1,1,1,1,1,1,NA,NA,2,0.333333333,0,Lahu,1,30,Elementary,5,20,NANLUDDAZHAI,MANGAO,10,1,1,1,1,1,1,1,1
20150823002,1,1,-1,1,1,-1,1,1,-1,1,-1,1,-1,-1,1,1,1,1,1,1,-1,-1,-1,-1,-1,1,1,1,1,1,NA,0,NA,0,0,Lahu,1,32,Elementary,6,20,NANLUDDAZHAI,MANGAO,10,1,-0.333333333,0,-0.333333333,1,-1,1,1
20150823003,1,1,-1,-1,1,-1,-1,1,-1,1,-1,1,-1,1,-1,1,1,1,0,1,-1,-1,-1,1,-1,1,1,1,1,1,15,NA,2,0,0.75,Lahu,1,37,Elementary,5,20,NANLUDDAZHAI,MANGAO,10,1,-1,-1,0.333333333,0.8,-0.6,1,1
20150823004,1,1,1,1,1,1,1,1,1,1,1,1,1,1,1,1,1,1,1,1,1,1,1,1,1,1,1,1,1,1,NA,0,1,1,0.5,Lahu,1,16,Middle,6,40,NANLUDDAZHAI,MANGAO,10,1,1,1,1,1,1,1,1
20150823005,-1,1,-1,-1,1,-1,-1,1,1,1,1,1,-1,1,1,-1,-1,-1,1,-1,-1,-1,-1,-1,1,1,1,1,1,1,NA,0,-1,0,0.5,Lahu,2,21,Middle,4,40,NANLUDDAZHAI,MANGAO,10,0,-0.333333333,1,0.333333333,-0.6,-0.6,1,1
20150823006,1,1,-1,1,1,-1,1,1,-1,1,0,1,-1,-1,0,1,1,1,-1,1,-1,-1,1,-1,-1,0,0,1,1,1,4,0,2,0,0.75,Lahu,1,62,Elementary,3,20,NANLUDDAZHAI,MANGAO,10,1,-0.333333333,0,-0.333333333,0.6,-0.6,0.333333333,1
20150823007,1,1,-1,1,1,-1,-1,1,-1,1,-1,1,1,1,1,1,1,1,0,0,-1,-1,-1,0,-1,0,0,1,1,1,NA,0,NA,0,0.75,Lahu,2,45,Middle,4,20,NANLUDDAZHAI,MANGAO,10,1,-1,0,1,0.6,-0.8,0.333333333,1
20150823008,1,1,-1,0,1,-1,0,1,-1,1,1,1,-1,1,1,1,1,1,0,0,-1,-1,-1,0,-1,0,0,1,1,1,NA,0,2,0,0.75,Lahu,2,47,None,3,20,NANLUDDAZHAI,MANGAO,10,1,-0.666666667,1,0.333333333,0.6,-0.8,0.333333333,1
20150823009,1,1,-1,-1,1,-1,0,1,-1,1,1,1,-1,-1,-1,1,1,1,0,-1,-1,-1,-1,-1,-1,1,1,1,-1,-1,NA,0,1,0,0.5,Lahu,2,37,Elementary,4,20,NANLUDDAZHAI,MANGAO,10,1,-0.666666667,0,-0.333333333,0.4,-1,1,-1
20150823010,1,-1,1,-1,1,-1,-1,0,-1,1,1,1,-1,1,-1,1,1,1,0,-1,-1,-1,-1,-1,-1,1,1,1,-1,-1,NA,NA,-1,0,0.75,Lahu,1,38,None,4,7.5,NANLUDDAZHAI,MANGAO,10,0,-1,0,0.333333333,0.4,-1,1,-1
20150823011,-1,1,-1,0,1,-1,0,1,-1,0,0,1,-1,0,1,1,1,1,1,-1,-1,-1,-1,0,-1,0,0,0,1,1,NA,NA,NA,0,0,Lahu,1,21,Middle,4,20,NANLUDDAZHAI,MANGAO,10,0,-0.666666667,0.5,0,0.6,-0.8,0,1
20150823012,1,1,-1,0,1,-1,0,1,1,1,1,1,1,-1,1,0,0,0,1,-1,-1,-1,-1,1,-1,1,1,1,1,1,NA,0,2,0,0.75,Lahu,1,28,Elementary,3,20,NANLUDDAZHAI,MANGAO,10,1,0,1,0.333333333,0,-0.6,1,1
20150823013,0,-1,-1,-1,1,-1,0,1,-1,0,-1,1,1,1,0,-1,-1,-1,0,1,-1,-1,-1,0,-1,1,1,1,1,1,NA,0,NA,0,0.75,Lahu,2,42,None,3,20,NANLUDDAZHAI,MANGAO,10,-0.5,-0.666666667,-0.5,1,-0.4,-0.8,1,1
20150823014,-1,1,1,1,1,1,1,1,1,1,1,1,1,1,1,0,0,1,1,1,0,0,1,1,1,1,1,1,1,1,1.5,NA,0,0.666666667,1,Lahu,1,33,Secondary school,5,20,NANLUDDAZHAI,MANGAO,2,0,1,1,1,0.6,0.6,1,1
20150823015,1,1,-1,1,1,-1,-1,1,-1,1,-1,1,-1,-1,1,1,1,1,1,1,-1,-1,-1,-1,-1,-1,-1,-1,1,1,NA,0,NA,0,0.75,Lahu,1,25,Elementary,5,7.5,NANLUDDAZHAI,MANGAO,5,1,-1,0,-0.333333333,1,-1,-1,1
20150823016,0,0,1,-1,1,-1,-1,1,1,1,0,1,1,-1,0,0,1,1,-1,0,-1,-1,-1,-1,-1,1,1,1,1,1,NA,0,NA,0.333333333,0.5,Lahu,1,56,Elementary,7,40,NANLUDDAZHAI,MANGAO,10,0,-0.333333333,0,0.333333333,0.2,-1,1,1
20150823020,1,1,-1,0,1,1,0,1,1,1,1,1,-1,-1,1,1,1,1,1,1,-1,-1,-1,-1,-1,1,1,1,1,1,1.5,0,1,0.333333333,0.25,Lahu,1,33,Middle,6,40,NANLUDDAZHAI,MANGAO,10,1,0.666666667,1,-0.333333333,1,-1,1,1
20150823021,1,1,-1,0,1,-1,0,1,1,1,1,1,1,1,-1,1,1,1,0,1,-1,-1,-1,0,-1,1,1,-1,1,1,NA,0,NA,0,0.5,Lahu,2,38,None,4,20,NANLUDDAZHAI,MANGAO,10,1,0,0,1,0.8,-0.8,0.333333333,1
20150823022,-1,1,-1,1,1,-1,0,1,1,1,1,1,1,1,1,0,0,0,1,-1,-1,-1,-1,0,-1,0,1,0,1,1,1.5,0,NA,1,0.75,Lahu,1,53,Elementary,3,20,NANLUDDAZHAI,MANGAO,10,0,0,1,1,0,-0.8,0.333333333,1
20150823023,1,1,-1,-1,1,-1,0,1,-1,1,1,1,-1,1,1,1,1,1,0,0,-1,-1,-1,0,-1,1,-1,1,1,1,NA,0,NA,0,0.75,Lahu,1,49,Elementary,5,20,NANLUDDAZHAI,MANGAO,10,1,-0.666666667,1,0.333333333,0.6,-0.8,0.333333333,1
20150824001,1,-1,-1,-1,1,-1,-1,1,-1,1,-1,1,-1,-1,1,-1,-1,-1,1,1,-1,-1,-1,1,1,-1,-1,-1,-1,-1,1.5,0,1,0.333333333,0.5,Hani,1,40,Middle,4,40,CHANGTIANBA,MANGAO,120,0,-1,0,-0.333333333,-0.2,-0.2,-1,-1
20150824002,1,1,0,-1,1,0,1,1,1,1,1,1,-1,0,1,1,1,1,1,1,-1,-1,-1,1,0,1,1,1,0,0,4,0,1,0.333333333,0.5,Hani,1,43,Middle,4,20,CHANGTIANBA,MANGAO,10,1,0.666666667,1,0,1,-0.4,1,0
20150824003,1,1,-1,-1,1,-1,1,1,1,1,1,1,1,1,1,1,1,1,1,1,-1,0,1,1,1,1,1,1,1,1,4,0,1,0.333333333,0.75,Hani,1,44,Middle,4,40,CHANGTIANBA,MANGAO,20,1,0.333333333,1,1,1,0.4,1,1
20150824004,1,1,0,1,1,0,1,1,1,1,1,1,0,-1,1,1,1,1,1,1,-1,-1,-1,-1,-1,1,1,1,1,1,4,0,2,0,0.75,Hani,1,37,Middle,4,20,CHANGTIANBA,MANGAO,10,1,0.666666667,1,0,1,-1,1,1
20150824005,1,1,1,-1,1,-1,1,1,1,1,1,1,-1,1,1,1,1,1,1,1,-1,-1,1,1,-1,1,1,1,1,1,NA,3,2,0.333333333,0.25,Hani,1,47,Middle,5,20,CHANGTIANBA,MANGAO,5,1,0.333333333,1,0.333333333,1,-0.2,1,1
20150824006,1,0,1,-1,1,1,1,1,1,1,1,1,-1,1,1,1,1,-1,1,1,-1,0,-1,1,0,1,1,1,1,0,0,0,0,0.666666667,0.25,Hani,1,39,Middle,6,75,CHANGTIANBA,MANGAO,30,0.5,1,1,0.333333333,0.6,-0.2,1,0.5
20150824007,1,-1,1,0,1,-1,0,1,1,1,1,1,-1,-1,1,1,1,1,1,1,0,0,1,1,0,1,1,1,1,1,1.5,0,0,0.333333333,0.5,Hani,1,59,Middle,8,40,CHANGTIANBA,MANGAO,10,0,0,1,-0.333333333,1,0.4,1,1
20150824008,1,1,1,-1,1,1,1,1,1,1,1,1,1,1,1,1,1,-1,1,1,-1,-1,-1,-1,1,1,1,1,1,1,1.5,0,2,0.333333333,0.25,Hani,2,35,Middle,4,40,CHANGTIANBA,MANGAO,10,1,1,1,1,0.6,-0.6,1,1
20150824009,1,1,0,1,1,1,1,1,1,1,1,1,1,1,1,1,1,-1,1,1,0,0,1,1,1,1,1,1,1,1,1.5,0,1,0.333333333,0.25,Hani,1,35,Elementary,4,40,CHANGTIANBA,MANGAO,10,1,1,1,1,0.6,0.6,1,1
20150824010,0,1,0,1,0,-1,0,1,-1,1,1,1,-1,0,1,1,1,1,1,1,-1,-1,1,1,1,1,1,1,-1,-1,4,0,1,0.333333333,0.25,Hani,2,45,Middle,4,5,CHANGTIANBA,MANGAO,10,0.5,-0.666666667,1,0,1,0.2,1,-1
20150825014,1,-1,1,1,1,-1,-1,1,1,1,1,1,1,-1,1,1,1,1,1,1,1,1,1,1,1,1,1,1,1,1,7.5,3,1,0.333333333,0.25,Dai,1,45,Elementary,5,75,MANSAOXIU,MANGAO,0,0,-0.333333333,1,0.333333333,1,1,1,1
20150825015,1,-1,-1,1,1,-1,-1,1,1,1,1,1,1,1,1,1,1,1,1,1,0,1,1,1,1,1,1,1,1,1,7.5,3,1,0.666666667,0.25,Dai,1,42,Elementary,5,75,MANSAOXIU,MANGAO,0,0,-0.333333333,1,1,1,0.8,1,1
20150825016,1,-1,1,1,1,-1,-1,1,1,1,1,1,1,1,1,1,1,1,1,1,1,1,1,1,1,1,1,1,1,1,1.5,0,1,0.333333333,0.25,Dai,2,54,Elementary,7,20,MANSAOXIU,MANGAO,0,0,-0.333333333,1,1,1,1,1,1
20150825017,1,1,1,1,1,-1,-1,1,1,1,1,1,1,1,1,1,1,1,-1,1,1,1,1,1,1,1,1,1,-1,-1,7.5,0,0,0.333333333,0.25,Dai,1,67,None,6,40,MANSAOXIU,MANGAO,0,1,-0.333333333,1,1,0.6,1,1,-1
20150825018,1,-1,1,-1,1,-1,-1,1,1,1,1,1,1,-1,1,1,1,1,1,1,-1,-1,1,1,1,1,1,1,1,1,1.5,3,1,0.333333333,0.25,Dai,1,55,Elementary,7,40,MANSAOXIU,MANGAO,0,0,-0.333333333,1,0.333333333,1,0.2,1,1
20150825019,1,1,1,0,1,-1,-1,1,1,1,1,1,1,0,1,1,1,1,1,1,-1,-1,1,1,-1,1,1,1,-1,-1,1.5,3,1,0,0,Dai,2,56,Elementary,7,40,MANSAOXIU,MANGAO,10,1,-0.333333333,1,0.666666667,1,-0.2,1,-1
20150825020,1,1,1,1,1,-1,-1,1,1,1,1,1,1,-1,1,1,1,1,0,1,-1,-1,1,0,1,1,1,1,1,1,1.5,3,1,0.333333333,0.25,Dai,1,42,None,4,40,MANSAOXIU,MANGAO,0,1,-0.333333333,1,0.333333333,0.8,0,1,1
20150825021,1,-1,1,-1,1,1,-1,1,1,1,1,1,1,-1,1,1,1,1,0,1,1,1,1,0,1,1,1,1,1,1,4,0,1,0.666666667,0.5,Dai,1,62,None,5,40,MANSAOXIU,MANGAO,0,0,0.333333333,1,0.333333333,0.8,0.8,1,1
20150825022,1,-1,1,1,1,-1,1,1,1,1,1,1,1,-1,1,1,1,1,1,1,0,-1,1,1,1,1,1,1,-1,0,1.5,3,NA,0,0.5,Dai,1,54,Elementary,5,40,MANSAOXIU,MANGAO,5,0,0.333333333,1,0.333333333,1,0.4,1,-0.5
20150825023,1,1,1,-1,1,-1,-1,1,1,1,1,1,1,-1,1,1,1,1,1,1,1,1,1,1,1,1,1,1,-1,-1,1.5,0,1,0.333333333,0,Dai,1,70,Elementary,6,20,MANSAOXIU,MANGAO,0,1,-0.333333333,1,0.333333333,1,1,1,-1
20150825024,1,-1,1,0,1,-1,-1,1,1,1,1,1,1,-1,1,1,1,-1,1,1,-1,-1,-1,0,-1,1,1,1,1,1,4,3,1,0,0.25,Dai,1,48,None,5,75,MANSAOXIU,MANGAO,0,0,-0.333333333,1,0.333333333,0.6,-0.8,1,1
20150825025,1,-1,1,-1,1,-1,-1,1,1,1,1,1,1,-1,1,1,1,1,1,1,1,1,1,1,1,1,1,1,1,1,4,NA,1,0,0.25,Dai,1,42,None,5,40,MANSAOXIU,MANGAO,0,0,-0.333333333,1,0.333333333,1,1,1,1
20150825026,1,-1,1,0,1,-1,-1,1,1,1,1,1,1,-1,1,1,1,1,-1,1,1,1,1,0,1,1,1,1,1,1,4,3,1,0,0.25,Dai,1,50,Elementary,6,40,MANSAOXIU,MANGAO,0,0,-0.333333333,1,0.333333333,0.6,0.8,1,1
20150825027,1,-1,1,0,1,-1,-1,1,1,1,1,1,1,-1,1,1,1,1,1,1,-1,-1,-1,-1,-1,1,1,1,1,1,1.5,0,1,0,0.25,Dai,1,43,Elementary,3,40,MANSAOXIU,MANGAO,0,0,-0.333333333,1,0.333333333,1,-1,1,1
20150829001,1,-1,1,-1,1,-1,1,1,1,1,1,1,1,-1,1,1,1,1,1,1,-1,-1,-1,1,-1,1,1,1,-1,-1,1.5,0,NA,0,0,Yao,1,55,None,5,40,NANGONGSHAN,MENGLA,240,0,0.333333333,1,0.333333333,1,-0.6,1,-1
20150829002,1,1,1,-1,1,-1,-1,1,1,1,1,1,1,1,1,1,1,1,1,1,-1,-1,-1,1,-1,1,1,1,0,0,1.5,0,0,0.333333333,0.5,Yao,1,35,Middle,5,20,NANGONGSHAN,MENGLA,30,1,-0.333333333,1,1,1,-0.6,1,0
20150829003,1,-1,1,-1,1,-1,1,1,1,1,1,-1,1,-1,1,1,1,-1,0,-1,-1,-1,-1,0,-1,1,1,1,1,1,1.5,0,NA,0,0,Yao,1,45,None,4,20,NANGONGSHAN,MENGLA,600,0,0.333333333,1,-0.333333333,0,-0.8,1,1
20150829004,1,1,1,-1,1,-1,-1,1,1,1,1,1,1,1,1,-1,-1,-1,0,-1,-1,-1,-1,-1,-1,1,1,1,0,0,1.5,0,NA,0,0,Yao,1,50,None,6,40,NANGONGSHAN,MENGLA,240,1,-0.333333333,1,1,-0.8,-1,1,0
20150829005,1,-1,1,-1,1,-1,-1,1,-1,1,1,0,1,0,1,1,0,-1,0,1,-1,-1,-1,0,-1,1,1,1,-1,-1,1.5,NA,NA,0,0,Yao,1,50,None,5,40,NANGONGSHAN,MENGLA,NA,0,-1,1,0.333333333,0.2,-0.8,1,-1
20150829006,1,-1,1,-1,1,-1,1,1,1,1,1,1,1,1,0,-1,-1,-1,-1,1,-1,-1,-1,-1,-1,1,1,1,-1,-1,0,0,NA,0,0,Yao,1,54,None,5,20,NANGONGSHAN,MENGLA,30,0,0.333333333,0.5,1,-0.6,-1,1,-1
20150829007,1,1,1,1,1,-1,1,1,1,1,1,1,1,1,1,1,1,1,1,1,-1,-1,-1,0,-1,1,1,1,-1,-1,4,0,1,0.333333333,0.5,Yao,1,28,Middle,5,20,NANGONGSHAN,MENGLA,80,1,0.333333333,1,1,1,-0.8,1,-1
20150830001,1,-1,1,-1,1,-1,-1,1,1,1,1,1,-1,-1,1,1,1,1,1,1,1,1,1,1,1,1,1,1,0,0,NA,NA,NA,0,0,Yao,1,37,None,3,7.5,NANGONGSHAN,MENGLA,NA,0,-0.333333333,1,-0.333333333,1,1,1,0
20150830002,-1,1,1,1,1,-1,-1,1,1,1,1,1,1,1,1,1,1,-1,0,1,1,1,1,1,-1,1,1,1,-1,-1,1.5,0,-1,0.333333333,0.5,Yao,1,42,Elementary,4,20,NANGONGSHAN,MENGLA,120,0,-0.333333333,1,1,0.4,0.6,1,-1
20150830003,1,-1,-1,-1,1,-1,-1,1,1,1,1,1,1,-1,1,-1,1,-1,0,1,-1,-1,1,0,1,1,1,1,-1,-1,NA,0,NA,0.333333333,0.25,Yao,1,56,None,5,20,NANGONGSHAN,MENGLA,150,0,-0.333333333,1,0.333333333,0,0,1,-1
20150830004,1,-1,-1,-1,1,1,1,1,-1,1,-1,-1,-1,-1,1,1,1,1,1,1,-1,-1,1,1,-1,-1,-1,1,-1,-1,1.5,0,0,0,0.5,Yao,1,62,None,6,20,NANGONGSHAN,MENGLA,120,0,0.333333333,0,-1,1,-0.2,-0.333333333,-1
20150830005,1,1,1,1,1,-1,1,1,1,1,1,1,1,1,1,-1,1,1,1,1,-1,-1,1,1,-1,1,1,1,1,1,4,0,2,1,1,Yao,2,24,Middle,5,40,NANGONGSHAN,MENGLA,20,1,0.333333333,1,1,0.6,-0.2,1,1
20150830006,1,1,1,1,1,1,1,1,1,1,1,1,1,-1,1,1,1,1,1,1,1,1,1,1,1,1,1,1,1,1,1.5,0,0,1,1,Yao,1,32,Secondary school,3,40,NANGONGSHAN,MENGLA,60,1,1,1,0.333333333,1,1,1,1
20150830007,1,1,1,1,1,1,1,1,1,1,1,1,1,1,-1,1,1,1,1,1,1,1,1,1,1,1,1,1,1,1,1.5,3,1,0.666666667,0.75,Yao,1,25,Middle,6,20,NANGONGSHAN,MENGLA,60,1,1,0,1,1,1,1,1
20150830008,1,1,0,-1,0,1,1,1,1,1,1,1,1,0,1,1,1,1,1,1,1,-1,1,1,0,1,1,1,1,1,1.5,0,0,1,0.75,Yao,2,29,High,5,5,NANGONGSHAN,MENGLA,20,1,1,1,0.666666667,1,0.4,1,1
20150830009,1,-1,-1,-1,1,-1,-1,1,-1,1,1,1,1,1,1,-1,-1,1,1,-1,-1,-1,-1,1,-1,1,1,1,1,1,4,12.5,1,0.333333333,0.25,Yao,1,43,High,5,75,YAOQU,MENGLA,30,0,-1,1,1,-0.2,-0.6,1,1
20150830010,0,0,1,0,1,1,1,1,1,1,1,1,1,-1,1,0,1,1,1,1,0,-1,1,1,0,1,1,1,1,1,1.5,7.5,-1,0.333333333,1,Yao,1,30,Secondary school,4,7.5,NANGONGSHAN,MENGLA,120,0,1,1,0.333333333,0.8,0.2,1,1
20150830011,-1,1,1,1,0,1,0,1,1,1,1,1,0,0,1,0,1,1,1,1,1,1,0,0,0,1,1,1,0,0,1.5,0,NA,0.333333333,0.75,Yao,1,20,Middle,5,40,NANGONGSHAN,MENGLA,NA,0,0.666666667,1,0.333333333,0.8,0.4,1,0
20150830012,1,1,-1,-1,1,-1,1,1,1,1,1,1,1,-1,1,1,1,-1,1,1,-1,-1,-1,-1,-1,1,1,1,1,1,1.5,0,1,0,0,Yao,1,47,Elementary,5,20,YAOQU,MENGLA,30,1,0.333333333,1,0.333333333,0.6,-1,1,1
20150830013,1,1,1,-1,1,1,1,1,1,1,1,-1,1,0,1,1,1,-1,1,1,-1,-1,0,1,-1,-1,-1,1,-1,-1,1.5,0,0,0,0.5,Yao,1,53,Elementary,5,75,YAOQU,MENGLA,30,1,1,1,0,0.6,-0.4,-0.333333333,-1
20150830014,1,1,1,-1,1,-1,1,1,0,1,1,1,-1,-1,1,1,1,-1,1,1,-1,-1,1,1,-1,1,1,1,-1,-1,1.5,0,0,0.333333333,0.5,Yao,1,33,Middle,6,40,YAOQU,MENGLA,120,1,0,1,-0.333333333,0.6,-0.2,1,-1
20150830015,1,-1,-1,-1,1,-1,-1,1,1,1,1,1,1,1,1,1,1,-1,1,1,-1,-1,-1,-1,-1,1,1,1,-1,-1,1.5,0,1,0,0.25,Yao,1,58,Elementary,4,75,YAOQU,MENGLA,10,0,-0.333333333,1,1,0.6,-1,1,-1
20150830016,1,-1,-1,-1,1,-1,-1,1,-1,1,1,1,-1,1,1,1,-1,-1,1,1,-1,-1,-1,1,-1,1,1,1,1,1,1.5,0,0,0.333333333,0.5,Yao,1,33,None,4,7.5,YAOQU,MENGLA,60,0,-1,1,0.333333333,0.2,-0.6,1,1
20150830017,1,-1,-1,1,-1,-1,-1,1,1,1,-1,1,-1,1,1,1,1,1,-1,1,-1,-1,-1,-1,-1,1,1,1,-1,-1,1.5,3,0,0.333333333,0.5,Yao,1,30,Elementary,4,20,YAOQU,MENGLA,10,0,-0.333333333,0,0.333333333,0.6,-1,1,-1
20150830018,1,-1,-1,-1,1,-1,-1,1,-1,1,1,1,-1,1,1,1,1,-1,1,-1,-1,-1,-1,-1,-1,-1,-1,1,1,1,NA,3,0,0,0.25,Yao,1,45,Elementary,1,7.5,YAOQU,MENGLA,60,0,-1,1,0.333333333,0.2,-1,-0.333333333,1
20150830019,-1,-1,1,-1,-1,-1,-1,1,1,1,1,1,-1,1,1,1,1,-1,1,1,-1,-1,-1,1,-1,1,1,1,-1,-1,1.5,0,1,0,0.25,Yao,1,41,None,3,20,NANGONGSHAN,MENGLA,60,-1,-0.333333333,1,0.333333333,0.6,-0.6,1,-1
20150831001,1,1,1,1,1,-1,-1,1,-1,1,1,1,1,-1,1,1,-1,-1,1,-1,-1,-1,-1,1,-1,1,1,1,-1,-1,4,0,2,0,0.5,Hani,1,35,Secondary school,3,40,NAZHUOERDUI,MENGLA,45,1,-1,1,0.333333333,-0.2,-0.6,1,-1
20150831002,1,1,1,1,1,1,1,1,1,1,1,-1,-1,1,1,1,1,1,1,1,0,0,1,1,1,1,1,1,-1,-1,7.5,0,0,0.333333333,0.75,Hani,1,35,Middle,4,7.5,NAZHUOERDUI,MENGLA,60,1,1,1,-0.333333333,1,0.6,1,-1
20150831003,1,1,1,1,1,1,1,1,1,1,1,1,1,0,1,1,1,1,1,1,0,0,1,1,1,1,0,1,0,0,NA,NA,NA,0.666666667,0.75,Hani,2,19,Middle,5,40,NAZHUOERDUI,MENGLA,60,1,1,1,0.666666667,1,0.6,0.666666667,0
20150831004,1,1,0,1,1,-1,-1,1,-1,1,1,-1,-1,1,1,-1,-1,-1,1,-1,-1,-1,-1,-1,-1,1,1,1,0,1,4,0,1,0.333333333,0.25,Hani,1,29,Elementary,1,40,NAZHUOERDUI,MENGLA,30,1,-1,1,-0.333333333,-0.6,-1,1,0.5
20150831005,0,1,0,-1,1,0,-1,1,1,1,1,1,1,1,1,1,1,1,1,1,-1,-1,1,1,1,1,1,1,0,0,15,0,0,0.333333333,0.5,Dai,2,33,Middle,5,7.5,NAZHUO,MENGLA,20,0.5,0,1,1,1,0.2,1,0
20150831006,1,1,0,1,1,-1,-1,1,-1,1,1,-1,-1,1,1,1,-1,-1,-1,1,0,-1,1,1,-1,1,1,1,0,1,4,0,0,0.333333333,0.25,Hani,1,30,Elementary,1,40,NAZHUO,MENGLA,60,1,-1,1,-0.333333333,-0.2,0,1,0.5
20150831007,1,1,-1,1,1,-1,-1,1,-1,1,1,1,1,1,1,1,1,1,1,1,-1,-1,1,1,-1,1,1,1,-1,-1,1.5,0,2,0.333333333,0.25,Dai,1,51,Middle,4,40,NAZHUO,MENGLA,30,1,-1,1,1,1,-0.2,1,-1
20150831008,1,1,1,1,1,-1,-1,1,1,1,1,1,1,1,1,1,1,-1,1,1,1,1,1,1,1,1,1,1,1,1,4,0,1,0.333333333,0.25,Hani,1,40,Elementary,3,20,LIXIN,MENGLA,30,1,-0.333333333,1,1,0.6,1,1,1
20150831009,1,-1,1,1,1,-1,1,1,1,1,1,1,-1,1,1,1,1,-1,1,1,-1,-1,-1,1,-1,1,1,1,-1,-1,1.5,0,1,0.333333333,0.25,Dai,1,30,Elementary,6,75,NAZHUO,MENGLA,30,0,0.333333333,1,0.333333333,0.6,-0.6,1,-1
20150831010,1,1,-1,1,1,1,1,1,1,-1,1,1,1,1,1,1,1,1,1,-1,0,1,1,0,0,1,1,1,0,0,1.5,7.5,0,0.666666667,0.75,Han,1,32,Secondary school,5,150,NAZHUO,MENGLA,5,1,1,1,1,0.6,0.4,1,0
20150831011,1,1,0,-1,1,1,-1,1,1,1,0,1,1,1,1,1,1,1,1,1,-1,-1,-1,0,0,1,1,1,1,1,1.5,0,1,0,0.25,Han,2,31,Middle,6,40,NAZHUO,MENGLA,30,1,0.333333333,0.5,1,1,-0.6,1,1
20150831012,1,1,-1,1,1,-1,-1,1,-1,1,1,1,-1,1,1,1,1,-1,1,1,-1,-1,1,1,1,-1,1,1,1,1,0,NA,1,0.333333333,0.25,Han,1,38,Elementary,6,7.5,QIAOTOUZHAI,MENGLA,5,1,-1,1,0.333333333,0.6,0.2,0.333333333,1
20150831013,1,1,1,1,1,-1,1,1,1,1,1,-1,1,-1,1,0,0,-1,1,1,-1,-1,-1,1,-1,1,1,1,1,-1,4,NA,NA,0,0.5,Han,1,35,Middle,4,125,QIAOTOUZHAI,MENGLA,2,1,0.333333333,1,-0.333333333,0.2,-0.6,1,0
20150831014,1,1,1,-1,1,-1,-1,1,1,1,1,1,1,1,1,1,1,-1,1,1,-1,-1,-1,-1,-1,1,1,1,-1,-1,1.5,0,1,0,0.25,Han,1,32,Middle,6,40,QIAOTOUZHAI,MENGLA,10,1,-0.333333333,1,1,0.6,-1,1,-1
20150831015,1,1,1,-1,1,-1,-1,1,1,1,1,0,1,1,1,1,1,1,0,1,-1,-1,-1,0,-1,1,1,1,-1,-1,4,0,NA,0,0.25,Dai,1,33,Temple,5,20,NAZHUO,MENGLA,30,1,-0.333333333,1,0.666666667,0.8,-0.8,1,-1
20150831016,1,1,1,1,1,1,1,1,1,1,1,1,1,1,1,1,1,1,1,1,1,1,1,1,1,1,1,-1,-1,-1,NA,NA,NA,0,0,Hani,1,20,High,4,7.5,QIAOTOUZHAI,MENGLA,20,1,1,1,1,1,1,0.333333333,-1
20150831017,1,1,1,-1,1,1,-1,1,-1,1,0,1,-1,-1,1,-1,1,-1,1,1,-1,-1,-1,-1,0,1,1,0,-1,-1,1.5,NA,0,0,0.5,Yi,2,40,Middle,3,20,QIAOTOUZHAI,MENGLA,10,1,-0.333333333,0.5,-0.333333333,0.2,-0.8,0.666666667,-1
20150831018,1,1,1,1,1,-1,-1,1,-1,1,1,1,-1,1,1,1,-1,1,1,1,1,-1,1,1,-1,1,1,1,-1,-1,4,0,1,0.666666667,0.5,Hani,1,42,Middle,3,5,NAZHUOERDUI,MENGLA,40,1,-1,1,0.333333333,0.6,0.2,1,-1
20150831019,1,1,1,1,1,1,1,1,1,1,1,1,-1,1,1,1,1,1,1,1,1,1,1,1,1,1,1,1,-1,-1,4,0,1,1,0.5,Hani,1,35,High,4,75,NAZHUOERDUI,MENGLA,60,1,1,1,0.333333333,1,1,1,-1
20150831020,1,1,0,-1,1,1,-1,1,1,1,1,1,1,-1,1,1,1,1,1,1,1,1,1,1,1,1,1,1,-1,-1,1.5,0,0,0,0.25,Yi,2,32,Middle,6,20,NAZHUOERDUI,MENGLA,240,1,0.333333333,1,0.333333333,1,1,1,-1
20150831021,1,1,1,1,1,1,1,1,1,1,1,1,1,1,1,1,1,-1,1,1,-1,-1,-1,1,-1,1,1,1,-1,-1,NA,0,NA,0,0.25,Hani,1,26,Elementary,4,20,NAZHUOERDUI,MENGLA,60,1,1,1,1,0.6,-0.6,1,-1
20150831022,0,-1,1,1,1,-1,-1,1,1,1,1,1,1,0,1,1,1,-1,1,1,-1,-1,-1,-1,0,1,1,0,-1,-1,NA,NA,NA,0,0,Hani,1,51,Elementary,1,20,NAZHUOERDUI,MENGLA,60,-0.5,-0.333333333,1,0.666666667,0.6,-0.8,0.666666667,-1
20150831023,1,-1,1,0,1,-1,-1,1,1,1,1,0,1,1,1,-1,1,-1,0,1,-1,-1,1,0,-1,0,1,1,0,-1,NA,0,NA,0,0.75,Yao,1,42,None,3,20,NAZHUOERDUI,MENGLA,60,0,-0.333333333,1,0.666666667,0,-0.4,0.666666667,-0.5
20150831024,1,-1,-1,0,1,-1,-1,1,1,1,-1,0,-1,1,0,0,0,-1,1,-1,0,0,1,1,1,0,0,0,-1,-1,0,0,NA,0,0,Hani,1,60,Elementary,7,5,YAOQU,MENGLA,120,0,-0.333333333,-0.5,0,-0.2,0.6,0,-1
20150831025,1,1,1,1,1,0,1,1,1,1,1,1,1,-1,1,1,1,0,1,0,0,0,0,1,1,1,1,1,1,1,1.5,NA,0,1,1,Han,2,26,Secondary school,2,5,YAOQU,MENGLA,2,1,0.666666667,1,0.333333333,0.6,0.4,1,1
20150831026,1,1,1,1,1,-1,-1,1,1,1,1,1,1,1,1,1,1,1,1,0,-1,-1,-1,1,-1,1,1,1,1,1,NA,0,1,0,0.5,Hani,1,25,Middle,6,40,NAZHUOERDUI,MENGLA,60,1,-0.333333333,1,1,0.8,-0.6,1,1
20150831027,1,1,1,1,1,-1,1,1,-1,1,1,1,-1,0,1,1,1,-1,1,1,-1,-1,-1,-1,-1,1,1,1,1,1,1.5,3,0,0,0.25,Hani,2,27,Middle,5,75,NAZHUOERDUI,MENGLA,60,1,-0.333333333,1,0,0.6,-1,1,1
20150901001,1,-1,1,1,1,-1,-1,1,1,1,1,1,1,1,1,1,1,-1,1,1,-1,-1,1,-1,-1,1,1,1,-1,-1,4,0,1,0.333333333,0.5,Hani,1,38,Middle,6,7.5,LIXIN,MENGLA,20,0,-0.333333333,1,1,0.6,-0.6,1,-1
20150901002,1,1,1,-1,1,-1,1,1,1,1,1,1,-1,1,1,1,1,-1,0,1,0,1,1,0,-1,0,0,0,-1,-1,NA,NA,NA,0,0,Hani,1,61,Middle,4,20,LIXIN,MENGLA,20,1,0.333333333,1,0.333333333,0.4,0.2,0,-1
20150901003,1,-1,1,-1,1,1,1,1,1,1,1,1,1,1,1,1,1,0,1,1,-1,-1,-1,-1,-1,1,1,1,1,1,1.5,0,0,0,0.25,Hani,1,40,None,4,5,LIXIN,MENGLA,60,0,1,1,1,0.8,-1,1,1
20150901030,0,1,1,-1,1,-1,1,1,1,0,1,0,-1,0,0,-1,-1,-1,1,0,-1,0,0,0,0,0,-1,0,-1,0,4,3,0,0,0,Hani,1,69,Elementary,6,7.5,LIXIN,MENGLA,20,0.5,0.333333333,0.5,-0.333333333,-0.4,-0.2,-0.333333333,-0.5
20150901004,1,1,-1,-1,0,-1,-1,1,-1,1,1,1,-1,-1,-1,1,1,-1,1,1,-1,-1,-1,-1,-1,1,1,0,-1,-1,1.5,NA,NA,0,0.25,Yao,2,30,Middle,4,40,HUIFEN,MENGLA,80,1,-1,0,-0.333333333,0.6,-1,0.666666667,-1
20150901005,1,1,1,-1,1,-1,1,1,1,1,1,1,1,1,1,0,1,1,1,1,-1,-1,-1,-1,-1,1,1,1,1,-1,1.5,0,0,0.333333333,0,Yao,2,28,Elementary,5,20,HUIFEN,MENGLA,20,1,0.333333333,1,1,0.8,-1,1,0
20150901006,-1,1,1,1,1,1,1,1,1,1,1,1,1,1,1,-1,1,1,1,1,1,1,1,1,1,1,1,1,-1,-1,1.5,0,0,0.666666667,0.5,Yao,1,38,Middle,3,5,HUIFEN,MENGLA,15,0,1,1,1,0.6,1,1,-1
20150901007,1,1,0,1,1,1,1,1,1,1,1,1,0,1,1,0,1,1,1,1,1,1,1,1,1,0,1,1,1,1,1.5,NA,0,1,1,Hani,1,35,High,3,20,HUIFEN,MENGLA,15,1,1,1,0.666666667,0.8,1,0.666666667,1
20150901008,1,-1,1,1,1,1,1,1,1,1,1,1,1,1,1,1,1,1,1,1,1,1,1,-1,1,1,1,1,1,1,1.5,0,0,0.666666667,1,Yao,1,31,Middle,3,5,HUIFEN,MENGLA,20,0,1,1,1,1,0.6,1,1
20150901009,1,1,1,1,1,-1,-1,1,1,1,1,-1,1,1,1,1,1,-1,1,1,1,-1,1,0,1,1,1,1,-1,-1,1.5,0,1,0.333333333,0.25,Yao,1,50,None,8,20,HUIFEN,MENGLA,20,1,-0.333333333,1,0.333333333,0.6,0.4,1,-1
20150901010,1,1,-1,-1,1,-1,-1,1,1,1,1,1,1,1,1,-1,-1,-1,1,1,1,1,1,1,-1,1,1,1,-1,-1,1.5,0,1,0,0.75,Yao,1,40,Elementary,4,40,YAOQU,MENGLA,120,1,-0.333333333,1,1,-0.2,0.6,1,-1
20150901011,1,-1,-1,-1,-1,-1,-1,1,0,1,1,0,-1,1,1,1,1,1,1,1,1,1,1,1,1,1,1,1,-1,-1,1.5,0,1,0.333333333,0.75,Dai,1,52,Middle,4,40,MANPA,MENGLA,30,0,-0.666666667,1,0,1,1,1,-1
20150901012,1,-1,-1,-1,1,-1,-1,1,-1,1,1,1,-1,1,1,-1,1,1,1,1,-1,-1,-1,-1,-1,1,1,1,0,1,NA,0,1,0.333333333,0.25,Dai,1,27,Middle,8,75,MANPA,MENGLA,30,0,-1,1,0.333333333,0.6,-1,1,0.5
20150901013,1,1,1,1,1,1,-1,1,0,1,-1,1,0,1,1,1,1,1,1,1,-1,-1,0,1,-1,1,1,1,0,-1,1.5,0,1,0.333333333,0.75,Dai,1,38,Elementary,5,20,MANPA,MENGLA,60,1,0,0,0.666666667,1,-0.4,1,-0.5
20150901014,1,0,1,1,1,-1,-1,1,1,1,1,1,-1,1,1,1,1,-1,1,1,1,1,1,1,1,1,1,1,-1,-1,1.5,0,1,0,0.25,Dai,1,48,Elementary,5,20,MANPA,MENGLA,30,0.5,-0.333333333,1,0.333333333,0.6,1,1,-1
20150901015,1,-1,1,-1,1,-1,-1,1,1,1,1,1,-1,1,1,-1,1,-1,0,1,1,1,1,0,1,1,1,1,1,1,1.5,0,1,0,0,Dai,1,63,None,6,40,MANPA,MENGLA,30,0,-0.333333333,1,0.333333333,0,0.8,1,1
20150901016,1,1,1,1,1,1,0,1,1,1,1,1,1,1,1,1,1,1,1,1,1,1,1,1,1,1,1,1,1,1,12.5,12.5,1,0.333333333,0.25,Dai,1,40,Elementary,6,75,MANPA,MENGLA,20,1,0.666666667,1,1,1,1,1,1
20150901017,1,-1,1,1,-1,-1,1,1,1,0,1,1,1,1,1,1,1,1,1,-1,-1,-1,-1,-1,0,1,1,1,1,1,1.5,NA,0,0,0.25,Hani,1,28,Secondary school,4,40,LIXIN,MENGLA,20,0,0.333333333,1,1,0.6,-0.8,1,1
20150901018,1,1,1,1,1,1,1,1,1,1,1,1,-1,1,1,1,-1,1,1,1,1,1,1,1,1,1,1,1,-1,-1,4,0,0,0.333333333,0.25,Hani,1,31,Elementary,6,20,LIXIN,MENGLA,30,1,1,1,0.333333333,0.6,1,1,-1
20150901019,1,1,1,-1,1,1,0,1,-1,-1,1,-1,1,1,1,1,1,1,1,1,-1,1,1,1,1,-1,1,1,-1,-1,4,0,-1,0,0.25,Hani,1,45,Elementary,4,5,LIXIN,MENGLA,30,1,0,1,0.333333333,1,0.6,0.333333333,-1
20150901021,1,1,1,-1,-1,1,-1,1,1,1,1,-1,1,1,1,1,1,-1,1,1,-1,1,1,1,-1,1,1,1,1,1,15,3,1,0,0.25,Hani,1,49,Middle,4,40,LIXIN,MENGLA,30,1,0.333333333,1,0.333333333,0.6,0.2,1,1
20150901022,-1,1,1,0,0,1,0,1,1,1,1,1,1,-1,1,1,1,1,1,-1,0,1,1,1,0,1,1,1,1,1,4,0,1,0.666666667,1,Hani,1,48,High,4,40,LIXIN,MENGLA,30,0,0.666666667,1,0.333333333,0.6,0.6,1,1
20150901023,1,1,-1,1,1,0,-1,1,1,1,1,-1,-1,-1,1,1,1,-1,1,0,-1,-1,-1,0,-1,0,-1,0,0,0,1.5,0,0,0.333333333,0.5,Yi,1,36,Middle,4,5,LIXIN,MENGLA,20,1,0,1,-1,0.4,-0.8,-0.333333333,0
20150901024,-1,1,1,1,1,-1,1,1,-1,-1,1,1,-1,1,1,1,-1,1,1,1,1,-1,1,1,-1,1,-1,0,-1,1,1.5,0,-1,0.666666667,1,Yao,1,25,Elementary,3,5,HUIFEN,MENGLA,30,0,-0.333333333,1,0.333333333,0.6,0.2,0,0
20150901025,0,-1,1,-1,1,-1,-1,1,1,1,1,1,1,1,1,1,1,-1,1,1,-1,-1,-1,-1,-1,1,1,1,1,-1,1.5,0,1,0,0.5,Han,1,48,None,8,125,HUIFEN,MENGLA,20,-0.5,-0.333333333,1,1,0.6,-1,1,0
20150901026,1,1,1,-1,1,-1,1,1,1,1,1,1,1,1,1,1,1,-1,1,1,1,1,1,1,1,1,1,1,-1,-1,1.5,0,NA,0.333333333,0.25,Yao,1,55,Elementary,3,20,HUIFEN,MENGLA,60,1,0.333333333,1,1,0.6,1,1,-1
20150901027,1,1,1,1,-1,1,1,1,1,1,1,1,1,0,1,1,1,1,1,1,1,1,1,1,1,1,1,1,0,1,NA,NA,0,0,0.5,Yao,2,32,Secondary school,3,40,HUIFEN,MENGLA,20,1,1,1,0.666666667,1,1,1,0.5
20150901028,-1,1,0,1,1,1,1,1,-1,-1,1,1,-1,-1,0,-1,1,1,1,1,1,1,-1,-1,0,1,1,1,-1,-1,1.5,0,1,0,0,Yao,1,28,Middle,6,7.5,HUIFEN,MENGLA,20,0,0.333333333,0.5,-0.333333333,0.6,0,1,-1
20150901029,1,1,1,-1,1,1,1,1,1,1,1,0,1,1,1,-1,1,-1,1,1,1,1,1,1,1,1,1,1,-1,-1,1.5,0,0,0.666666667,0.75,Yao,1,58,None,3,20,HUIFEN,MENGLA,15,1,1,1,0.666666667,0.2,1,1,-1
20150815001,1,1,1,1,1,-1,1,1,1,1,1,1,-1,1,1,1,1,1,1,1,-1,-1,1,1,1,1,1,1,1,1,1.5,0,NA,0,0.5,Dai,1,66,Elementary,5,75,MANLUN,MENGLUN,5,1,0.333333333,1,0.333333333,1,0.2,1,1
20150815002,1,-1,1,-1,1,0,1,1,1,1,1,1,1,1,1,1,1,1,0,1,-1,-1,-1,0,-1,1,1,1,1,1,1.5,0,NA,0,0.25,Dai,2,52,None,6,40,MANLUN,MENGLUN,5,0,0.666666667,1,1,0.8,-0.8,1,1
20150815003,1,1,1,-1,1,-1,1,1,1,1,1,1,1,-1,1,1,1,1,1,1,-1,-1,-1,-1,-1,1,1,1,1,1,1.5,0,0,0,0.25,Dai,2,42,Elementary,4,40,MANLUN,MENGLUN,30,1,0.333333333,1,0.333333333,1,-1,1,1
20150815004,1,1,1,1,1,-1,1,1,1,1,1,1,1,1,1,-1,1,1,1,1,-1,-1,-1,-1,-1,1,1,1,1,1,NA,0,0,0.333333333,0.25,Dai,2,27,Middle,6,20,MANLUN,MENGLUN,5,1,0.333333333,1,1,0.6,-1,1,1
20150815005,1,1,1,-1,1,1,-1,1,1,1,1,1,1,1,1,0,1,1,0,1,-1,-1,1,0,-1,1,1,1,1,1,1.5,0,-1,0.333333333,0.25,Dai,1,55,Elementary,7,20,MANLUN,MENGLUN,20,1,0.333333333,1,1,0.6,-0.4,1,1
20150815006,1,1,1,0,1,-1,1,1,0,1,1,1,1,1,1,-1,1,1,1,1,-1,-1,-1,1,-1,1,1,1,1,1,1.5,0,NA,0,0.25,Dai,1,30,Elementary,5,40,MANLUN,MENGLUN,2,1,0,1,1,0.6,-0.6,1,1
20150815007,1,1,1,1,1,-1,1,1,1,1,1,1,1,1,1,-1,1,1,1,1,1,-1,1,1,1,1,1,1,1,1,1.5,0,NA,0.333333333,0.5,Dai,1,57,Elementary,4,40,MANLUN,MENGLUN,10,1,0.333333333,1,1,0.6,0.6,1,1
20150815008,1,1,1,-1,1,1,-1,1,-1,1,1,1,1,1,1,1,1,1,1,1,-1,-1,1,1,1,1,1,1,1,1,1.5,0,NA,0.333333333,0.25,Dai,1,47,Elementary,4,40,MANLUN,MENGLUN,10,1,-0.333333333,1,1,1,0.2,1,1
20150815009,1,1,1,0,1,0,-1,1,0,1,1,1,1,1,1,1,1,1,0,1,-1,-1,1,0,-1,1,1,1,1,1,1.5,0,0,0,0.5,Dai,2,60,None,7,75,MANLUN,MENGLUN,20,1,-0.333333333,1,1,0.8,-0.4,1,1
20150815010,1,1,-1,1,1,-1,1,1,-1,1,1,1,1,1,1,-1,-1,1,1,1,1,-1,-1,1,1,-1,-1,1,1,1,1.5,0,NA,0.333333333,0.25,Dai,2,43,Elementary,5,40,MANLUN,MENGLUN,20,1,-0.333333333,1,1,0.2,0.2,-0.333333333,1
20150815011,1,1,1,1,1,-1,1,1,-1,1,1,1,1,1,1,1,1,1,1,1,-1,-1,1,1,-1,1,1,1,1,1,1.5,0,NA,0,0.25,Dai,1,51,Elementary,4,40,MANLUN,MENGLUN,5,1,-0.333333333,1,1,1,-0.2,1,1
20150815012,1,-1,1,-1,1,-1,-1,1,-1,1,1,1,1,1,1,-1,-1,0,1,1,-1,-1,-1,-1,-1,1,1,1,1,1,0,0,NA,0,0.75,Dai,1,48,Elementary,5,20,MANLUN,MENGLUN,5,0,-1,1,1,0,-1,1,1
20150815013,-1,1,1,0,1,1,1,1,0,1,1,1,1,-1,1,1,1,0,1,1,0,0,0,1,1,1,1,1,1,1,1.5,NA,0,0,0.75,Dai,1,26,High,5,125,MANLUN,MENGLUN,5,0,0.666666667,1,0.333333333,0.8,0.4,1,1
20150815014,1,-1,-1,1,1,-1,1,1,1,1,1,1,1,-1,1,1,1,1,1,1,-1,-1,1,-1,-1,1,1,1,1,1,1.5,0,NA,0,0.25,Dai,1,41,Elementary,6,40,MANLUN,MENGLUN,5,0,0.333333333,1,0.333333333,1,-0.6,1,1
20150815015,1,-1,1,1,1,-1,-1,1,-1,1,1,1,1,1,1,1,-1,1,1,1,-1,-1,-1,1,-1,1,1,1,1,1,1.5,0,0,0.333333333,0.25,Dai,1,50,Elementary,4,40,MANLUN,MENGLUN,10,0,-1,1,1,0.6,-0.6,1,1
20150815016,1,1,1,1,0,0,1,0,1,1,1,1,1,-1,1,1,1,0,1,1,0,0,1,1,1,1,1,1,1,0,1.5,0,0,0.333333333,0.5,Dai,1,21,Middle,2,5,MANLUN,MENGLUN,10,1,0.666666667,1,0.333333333,0.8,0.6,1,0.5
20150815017,1,1,1,0,1,0,1,1,0,1,0,1,0,0,0,1,0,1,0,0,1,0,0,-1,0,1,1,1,0,0,1.5,NA,0,0.666666667,0.75,Dai,1,18,Middle,6,7.5,MANLUN,MENGLUN,10,1,0.333333333,0,0.333333333,0.4,0,1,0
20150815018,1,1,0,0,1,1,0,1,1,1,1,1,1,0,1,1,1,1,1,1,1,1,1,1,1,1,1,1,1,1,1.5,0,0,0.333333333,0.25,Dai,2,33,Middle,6,20,MANLUN,MENGLUN,20,1,0.666666667,1,0.666666667,1,1,1,1
20150815019,1,1,1,-1,1,1,-1,1,-1,1,1,1,1,1,1,1,1,1,1,1,1,1,1,1,1,1,1,1,1,1,NA,0,0,0.666666667,1,Dai,2,22,Middle,5,75,MANLUN,MENGLUN,20,1,-0.333333333,1,1,1,1,1,1
20150816001,1,-1,-1,1,1,-1,1,1,1,1,1,1,1,1,1,1,1,1,1,1,-1,-1,1,1,-1,1,1,1,1,1,4,0,NA,0.333333333,0.25,Dai,2,32,Elementary,8,75,MANLE,MENGLUN,2,0,0.333333333,1,1,1,-0.2,1,1
20150816002,1,1,1,1,1,-1,1,1,1,1,1,1,1,1,1,1,1,1,1,1,-1,-1,1,1,0,1,1,1,1,1,1.5,NA,1,0,0.25,Dai,2,73,Elementary,8,40,MANLE,MENGLUN,5,1,0.333333333,1,1,1,0,1,1
20150816003,1,1,1,-1,1,-1,-1,1,1,1,1,1,1,1,1,1,1,1,1,1,-1,0,1,0,-1,1,1,1,1,1,1.5,0,1,0.333333333,0.25,Dai,2,52,Elementary,4,75,MANLE,MENGLUN,1,1,-0.333333333,1,1,1,-0.2,1,1
20150816004,1,1,1,-1,1,-1,-1,1,1,1,1,1,1,-1,1,-1,-1,1,0,1,-1,-1,-1,0,-1,1,1,0,1,1,1.5,0,NA,0,0.25,Dai,1,41,None,5,20,MANLE,MENGLUN,2,1,-0.333333333,1,0.333333333,0,-0.8,0.666666667,1
20150816005,1,1,1,0,1,-1,1,1,0,1,1,1,1,1,1,1,1,1,1,1,-1,-1,1,1,-1,1,1,1,1,1,1.5,NA,NA,0,0.25,Dai,2,63,Elementary,5,40,MANLE,MENGLUN,2,1,0,1,1,1,-0.2,1,1
20150816006,1,-1,-1,-1,1,-1,-1,0,-1,-1,1,1,1,-1,1,1,1,1,1,1,-1,-1,-1,1,-1,1,-1,-1,1,1,4,0,1,0.333333333,0.75,Dai,1,32,Elementary,6,75,MANLE,MENGLUN,2,0,-1,1,0.333333333,1,-0.6,-0.333333333,1
20150816007,1,1,1,1,1,-1,1,1,1,1,1,1,-1,1,1,-1,1,1,1,1,-1,-1,1,1,-1,1,0,1,1,1,1.5,0,1,0,0.25,Dai,2,43,Elementary,5,20,MANLE,MENGLUN,10,1,0.333333333,1,0.333333333,0.6,-0.2,0.666666667,1
20150816008,0,-1,1,-1,1,-1,-1,1,1,1,1,1,1,-1,1,1,1,1,1,-1,1,1,-1,1,-1,1,1,1,-1,-1,1.5,0,0,0,0.5,Dai,2,24,Elementary,6,20,MANLE,MENGLUN,10,-0.5,-0.333333333,1,0.333333333,0.6,0.2,1,-1
20150816009,0,1,1,1,1,1,-1,1,1,1,1,1,1,1,1,1,1,1,1,1,1,-1,1,1,1,1,1,1,1,1,1.5,0,0,0,0.25,Dai,2,30,Elementary,6,20,MANLE,MENGLUN,20,0.5,0.333333333,1,1,1,0.6,1,1
20150816010,1,1,1,-1,1,-1,-1,1,1,1,1,1,-1,1,1,1,1,1,1,1,1,1,1,1,1,1,1,1,1,1,4,0,1,0.666666667,0.5,Dai,1,53,Elementary,6,40,MANLE,MENGLUN,10,1,-0.333333333,1,0.333333333,1,1,1,1
20150816011,1,-1,0,-1,1,-1,-1,1,1,1,1,1,-1,1,1,-1,1,-1,0,1,-1,-1,-1,0,-1,1,1,1,-1,1,1.5,0,NA,0,0.25,Dai,1,44,None,6,40,MANLE,MENGLUN,10,0,-0.333333333,1,0.333333333,0,-0.8,1,0
20150816012,1,1,1,-1,1,-1,1,1,1,1,1,1,1,1,1,1,1,1,1,1,1,1,1,1,1,1,1,1,1,1,1.5,0,1,0,0.5,Dai,1,53,Elementary,6,20,MANLE,MENGLUN,10,1,0.333333333,1,1,1,1,1,1
20150816013,1,1,1,-1,1,-1,-1,1,1,1,1,1,1,1,1,1,0,1,1,1,-1,-1,1,1,-1,1,1,1,0,1,4,0,1,0.333333333,0.5,Dai,2,30,Middle,3,20,MANLE,MENGLUN,30,1,-0.333333333,1,1,0.8,-0.2,1,0.5
20150816014,0,-1,1,0,1,-1,1,1,1,1,1,1,1,0,1,0,-1,1,0,0,-1,-1,-1,0,-1,1,1,0,1,1,NA,0,0,0,0.25,Dai,1,56,Middle,6,40,MANLE,MENGLUN,10,-0.5,0.333333333,1,0.666666667,0,-0.8,0.666666667,1
20150816015,1,1,1,1,1,-1,1,1,1,1,1,1,1,-1,1,1,1,1,1,1,1,-1,-1,1,-1,1,1,1,1,1,4,0,0,0,0.75,Dai,1,31,Middle,6,40,MANLE,MENGLUN,1,1,0.333333333,1,0.333333333,1,-0.2,1,1
20150924001,1,-1,1,1,1,-1,0,1,1,1,-1,1,-1,1,1,1,1,-1,1,1,-1,-1,-1,-1,-1,1,1,1,-1,1,1.5,0,1,0,0.25,Jinuo,1,43,Elementary,3,7.5,BAKAXIAOZHAI,MENGLUN,5,0,0,0,0.333333333,0.6,-1,1,0
20150924002,1,1,-1,-1,1,-1,-1,1,-1,1,1,0,1,-1,0,1,1,-1,1,1,-1,-1,-1,-1,-1,1,1,1,1,1,4,3,1,0,0.25,Jinuo,2,37,Middle,6,40,BAKAXIAOZHAI,MENGLUN,5,1,-1,0.5,0,0.6,-1,1,1
20150924003,1,1,-1,1,1,1,-1,1,1,1,1,1,-1,1,1,1,1,-1,1,1,-1,-1,-1,1,-1,1,1,1,1,1,4,0,1,0,0.25,Jinuo,1,38,Middle,5,40,BAKAXIAOZHAI,MENGLUN,5,1,0.333333333,1,0.333333333,0.6,-0.6,1,1
20150924004,1,-1,1,-1,1,-1,1,1,1,1,1,1,1,1,1,1,1,-1,1,1,-1,-1,1,1,-1,1,1,1,1,1,4,NA,1,0.333333333,0.5,Jinuo,1,45,Elementary,4,20,BAKAXIAOZHAI,MENGLUN,5,0,0.333333333,1,1,0.6,-0.2,1,1
20150924005,1,1,1,-1,-1,-1,1,1,1,1,1,1,1,1,1,1,1,1,1,1,-1,-1,-1,-1,-1,1,1,1,0,1,4,3,1,0.333333333,0.5,Jinuo,1,36,Middle,5,20,BAKAXIAOZHAI,MENGLUN,5,1,0.333333333,1,1,1,-1,1,0.5
20150924006,1,-1,0,-1,-1,-1,-1,1,-1,1,1,1,1,1,1,0,-1,-1,1,1,-1,-1,-1,-1,-1,1,1,1,1,1,1.5,0,0,0,0.25,Jinuo,2,53,Middle,3,20,BAKAXIAOZHAI,MENGLUN,5,0,-1,1,1,0,-1,1,1
20150924007,-1,1,1,-1,1,1,1,1,1,1,1,1,1,1,1,1,1,1,1,1,1,1,1,1,1,1,1,1,1,1,4,3,1,0.333333333,0.75,Jinuo,1,45,Middle,6,40,BAKAXIAOZHAI,MENGLUN,5,0,1,1,1,1,1,1,1
20150924008,1,-1,1,-1,1,-1,-1,1,0,1,-1,1,-1,1,1,1,1,-1,-1,1,-1,-1,-1,-1,-1,-1,-1,0,0,1,1.5,3,1,0,0.25,Jinuo,1,55,Middle,5,20,BAKAXIAOZHAI,MENGLUN,5,0,-0.666666667,0,0.333333333,0.2,-1,-0.666666667,0.5
20150924009,1,1,1,1,1,1,-1,1,1,1,1,1,1,1,1,-1,1,1,1,1,-1,-1,-1,-1,-1,1,1,1,1,1,1.5,3,1,0.333333333,0.5,Jinuo,1,41,High,5,40,BAKAXIAOZHAI,MENGLUN,5,1,0.333333333,1,1,0.6,-1,1,1
20150924010,-1,1,-1,1,-1,-1,-1,1,-1,1,1,0,0,1,1,1,1,-1,1,1,-1,-1,-1,-1,-1,1,1,1,1,1,1.5,0,1,0,0.25,Jinuo,1,42,Elementary,4,40,BAKAXIAOZHAI,MENGLUN,5,0,-1,1,0.333333333,0.6,-1,1,1
20150924011,1,1,-1,-1,1,-1,-1,1,0,1,-1,0,-1,1,1,0,1,-1,0,0,-1,-1,-1,0,0,1,1,1,0,1,1.5,NA,1,0,0.25,Jinuo,1,64,None,2,7.5,BAKAXIAOZHAI,MENGLUN,5,1,-0.666666667,0,0,0,-0.6,1,0.5
20150924012,1,1,-1,-1,1,1,-1,1,1,1,1,1,1,1,1,1,1,1,1,1,-1,-1,-1,-1,-1,1,1,1,1,1,1.5,0,1,0.333333333,0.25,Jinuo,1,37,Middle,3,40,BAKAXIAOZHAI,MENGLUN,5,1,0.333333333,1,1,1,-1,1,1
20150924013,1,1,1,-1,1,1,-1,1,1,1,1,1,-1,1,1,1,1,-1,1,1,-1,-1,-1,1,-1,1,1,1,1,1,4,0,2,0.333333333,0.25,Jinuo,1,58,Middle,5,75,BAKAXIAOZHAI,MENGLUN,5,1,0.333333333,1,0.333333333,0.6,-0.6,1,1
20150924014,1,1,1,1,1,1,1,1,1,1,1,1,1,1,1,1,1,-1,1,1,-1,-1,-1,-1,-1,0,1,1,0,1,4,0,1,0,0.5,Jinuo,1,40,Elementary,3,20,BAKAXIAOZHAI,MENGLUN,5,1,1,1,1,0.6,-1,0.666666667,0.5
20150924015,1,-1,1,1,1,-1,1,1,1,1,1,1,1,1,1,1,1,1,1,1,-1,-1,-1,-1,-1,1,1,0,-1,1,4,0,1,0.333333333,0.25,Jinuo,1,40,Middle,4,40,BAKAXIAOZHAI,MENGLUN,5,0,0.333333333,1,1,1,-1,0.666666667,0
20150924016,1,1,1,1,1,1,-1,1,1,1,0,-1,1,1,1,1,1,-1,1,1,-1,-1,-1,-1,-1,0,1,1,1,1,4,3,1,0.333333333,0.25,Jinuo,1,45,Elementary,6,75,BAKAXIAOZHAI,MENGLUN,5,1,0.333333333,0.5,0.333333333,0.6,-1,0.666666667,1
20150924017,1,1,1,-1,1,1,-1,1,1,1,1,1,1,1,1,1,1,-1,1,1,-1,-1,-1,-1,-1,0,1,1,-1,-1,4,NA,1,0,0.25,Jinuo,1,32,Elementary,5,20,BAKAXIAOZHAI,MENGLUN,5,1,0.333333333,1,1,0.6,-1,0.666666667,-1
20150924018,1,1,1,1,1,1,-1,1,1,1,1,1,1,1,1,1,1,1,1,1,-1,-1,-1,1,1,1,1,1,1,1,1.5,3,1,0,0.75,Jinuo,2,55,Middle,8,40,BAKAXIAOZHAI,MENGLUN,5,1,0.333333333,1,1,1,-0.2,1,1
20151005001,1,1,1,-1,1,-1,1,1,0,1,0,-1,-1,0,1,-1,-1,-1,1,-1,-1,-1,1,-1,-1,0,1,-1,0,1,1.5,3,0,0.333333333,0.5,Hani,1,33,Middle,8,125,MANMAIYAO,MENGSONG,20,1,0,0.5,-0.666666667,-0.6,-0.6,0,0.5
20151005002,1,1,1,-1,1,-1,-1,1,-1,1,1,1,-1,1,1,1,1,0,1,1,-1,-1,-1,-1,-1,0,1,0,0,1,4,3,1,0,0.25,Hani,2,45,Middle,6,20,MANMAIYAO,MENGSONG,5,1,-1,1,0.333333333,0.8,-1,0.333333333,0.5
20151005003,1,1,1,1,-1,1,-1,1,1,1,-1,-1,-1,-1,0,-1,-1,1,1,1,-1,-1,-1,-1,-1,0,0,-1,-1,-1,1.5,NA,NA,0,0.25,Hani,1,32,Elementary,6,20,MANMAIYAO,MENGSONG,30,1,0.333333333,-0.5,-1,0.2,-1,-0.333333333,-1
20151005004,1,-1,-1,1,0,1,-1,1,1,1,1,-1,1,-1,0,1,1,-1,-1,1,-1,-1,-1,-1,-1,1,1,0,-1,-1,4,3,1,0,0.25,Hani,1,44,Middle,6,40,MANMAIYAO,MENGSONG,10,0,0.333333333,0.5,-0.333333333,0.2,-1,0.666666667,-1
20151005005,1,1,1,1,1,1,1,1,1,1,1,-1,1,1,1,-1,-1,-1,1,-1,-1,-1,-1,-1,-1,-1,-1,1,1,1,1.5,3,1,0.333333333,0.25,Hani,1,43,Middle,6,125,MANMAIYAO,MENGSONG,2,1,1,1,0.333333333,-0.6,-1,-0.333333333,1
20151005006,1,1,1,-1,1,1,-1,1,-1,1,0,1,1,1,1,1,1,1,1,1,-1,-1,1,-1,-1,1,1,1,1,1,12.5,0,1,0.333333333,0.5,Hani,1,28,Middle,6,40,MANMAIYAO,MENGSONG,2,1,-0.333333333,0.5,1,1,-0.6,1,1
20151005007,1,1,1,1,1,1,1,1,-1,1,1,-1,-1,-1,1,0,-1,-1,-1,-1,-1,-1,-1,-1,-1,-1,-1,-1,-1,-1,1.5,0,1,0,0.5,Hani,1,37,Elementary,3,20,MANMAIYAO,MENGSONG,3,1,0.333333333,1,-1,-0.8,-1,-1,-1
20151005008,1,1,1,1,1,1,-1,1,1,1,1,-1,1,-1,1,1,1,1,1,1,-1,-1,-1,-1,-1,-1,-1,1,0,-1,4,0,0,0,0.25,Hani,1,30,Elementary,5,20,MANMAIYAO,MENGSONG,2,1,0.333333333,1,-0.333333333,1,-1,-0.333333333,-0.5
20151005009,1,0,1,0,1,1,-1,1,0,1,0,-1,1,-1,1,1,1,-1,-1,1,-1,-1,-1,-1,-1,1,0,1,-1,0,1.5,3,1,0,0.25,Hani,2,44,Elementary,4,20,MANMAIYAO,MENGSONG,20,0.5,0,0.5,-0.333333333,0.2,-1,0.666666667,-0.5
20151005010,1,-1,-1,-1,1,1,-1,1,1,1,1,-1,1,1,0,-1,1,1,1,1,-1,-1,-1,1,-1,0,0,0,0,1,1.5,3,1,0,0.25,Hani,1,25,Middle,5,20,MANMAIYAO,MENGSONG,2,0,0.333333333,0.5,0.333333333,0.6,-0.6,0,0.5
20151005011,1,-1,1,1,1,1,-1,1,1,1,1,1,1,1,1,1,1,-1,1,1,-1,-1,-1,1,-1,1,1,1,-1,-1,4,3,1,0,0.25,Hani,1,30,Middle,7,40,MANMAIYAO,MENGSONG,5,0,0.333333333,1,1,0.6,-0.6,1,-1
20151005012,1,-1,1,1,1,1,-1,1,1,1,1,-1,1,1,1,1,-1,-1,1,-1,-1,-1,-1,-1,-1,1,1,0,1,1,4,7.5,1,0.333333333,0.25,Hani,1,26,Elementary,3,40,MANMAIYAO,MENGSONG,NA,0,0.333333333,1,0.333333333,-0.2,-1,0.666666667,1
20151005013,1,1,1,1,1,1,1,1,1,1,1,-1,1,1,1,1,1,1,1,1,-1,-1,-1,-1,-1,0,1,0,0,1,12.5,NA,1,0.333333333,0.25,Hani,1,23,Middle,4,40,MANMAIYAO,MENGSONG,2,1,1,1,0.333333333,1,-1,0.333333333,0.5
20151005014,1,1,1,1,1,1,1,1,1,1,-1,0,-1,-1,1,-1,1,1,1,-1,-1,-1,-1,-1,-1,0,1,0,0,1,1.5,NA,NA,0,0.25,Hani,2,26,Middle,5,40,MANMAIYAO,MENGSONG,NA,1,1,0,-0.666666667,0.2,-1,0.333333333,0.5
20151005015,1,0,0,0,1,1,-1,1,-1,1,1,-1,-1,1,0,-1,1,-1,0,1,-1,-1,-1,-1,-1,0,-1,-1,0,1,1.5,3,1,0,0.25,Hani,2,28,Middle,5,40,MANMAIYAO,MENGSONG,10,0.5,-0.333333333,0.5,-0.333333333,0,-1,-0.666666667,0.5
20151005016,1,-1,1,-1,-1,1,1,1,1,1,0,1,1,-1,1,1,1,-1,-1,1,-1,-1,-1,-1,-1,1,1,1,1,1,15,3,1,0,0.5,Hani,1,46,Elementary,6,75,MANMAIYAO,MENGSONG,20,0,1,0.5,0.333333333,0.2,-1,1,1
20151005017,1,1,0,1,1,1,0,0,1,1,0,1,0,-1,-1,1,0,-1,1,0,-1,0,-1,0,0,0,1,0,0,0,1.5,NA,0,0,0.75,Hani,1,28,High,6,40,MANMAIYAO,MENGSONG,5,1,0.666666667,-0.5,0,0.2,-0.4,0.333333333,0
20151005018,1,1,-1,1,1,1,-1,1,0,1,1,-1,1,1,1,0,0,-1,0,1,-1,-1,-1,0,-1,1,1,1,1,1,4,0,NA,0,0.25,Hani,1,63,None,1,5,MANJIAJIAO,MENGSONG,20,1,0,1,0.333333333,0,-0.8,1,1
20151005019,1,-1,0,1,1,1,-1,1,1,1,1,1,1,1,1,1,-1,1,1,1,-1,-1,-1,1,1,1,1,1,1,1,4,0,0,0.333333333,0,Hani,1,46,Middle,7,20,MANJIAJIAO,MENGSONG,20,0,0.333333333,1,1,0.6,-0.2,1,1
20151005020,1,-1,-1,1,0,-1,-1,1,1,1,1,0,1,0,1,1,1,0,1,1,-1,-1,-1,1,-1,1,1,1,1,1,1.5,3,NA,0.333333333,0.5,Hani,1,30,None,7,75,MANJIAJIAO,MENGSONG,20,0,-0.333333333,1,0.333333333,0.8,-0.6,1,1
20151005021,1,1,1,-1,0,1,-1,1,-1,1,1,1,1,-1,1,1,1,-1,1,1,-1,-1,-1,-1,-1,-1,-1,1,1,1,4,3,-1,0,0.5,Hani,1,27,Middle,2,20,MANJIAJIAO,MENGSONG,20,1,-0.333333333,1,0.333333333,0.6,-1,-0.333333333,1
20151005022,1,-1,0,1,1,1,-1,1,-1,1,1,-1,1,-1,1,-1,-1,1,1,1,-1,-1,-1,-1,-1,1,1,1,1,1,1.5,0,1,0,0.25,Hani,1,39,Elementary,1,7.5,MANJIAJIAO,MENGSONG,20,0,-0.333333333,1,-0.333333333,0.2,-1,1,1
20151005023,1,1,-1,1,1,1,1,1,1,1,1,1,1,1,1,1,1,1,1,1,-1,-1,-1,1,-1,1,1,1,1,1,1.5,0,1,0,0.25,Hani,1,23,Middle,5,40,MANJIAJIAO,MENGSONG,10,1,1,1,1,1,-0.6,1,1
20151005024,1,1,1,1,1,1,1,1,1,1,1,-1,1,1,1,-1,-1,-1,1,-1,-1,-1,-1,-1,-1,-1,1,1,1,1,4,0,1,0,0.75,Hani,1,49,Elementary,4,150,MANJIAJIAO,MENGSONG,20,1,1,1,0.333333333,-0.6,-1,0.333333333,1
20151005025,1,1,1,1,1,1,1,1,1,1,1,1,1,1,1,1,1,1,1,1,1,1,1,1,0,1,1,1,1,1,7.5,NA,1,1,1,Hani,2,31,Middle,4,40,MANJIAJIAO,MENGSONG,30,1,1,1,1,1,0.8,1,1
20151005026,1,1,0,1,1,1,1,1,1,1,1,-1,1,-1,1,-1,1,-1,1,1,-1,-1,-1,-1,-1,1,1,0,1,1,1.5,0,0,0.333333333,0.5,Hani,1,37,High,5,40,MANJIAJIAO,MENGSONG,5,1,1,1,-0.333333333,0.2,-1,0.666666667,1
20151005027,1,-1,-1,-1,1,-1,-1,1,0,1,1,-1,1,-1,0,-1,-1,-1,1,-1,-1,-1,-1,-1,-1,1,1,0,0,1,1.5,0,0,0,0.25,Hani,1,51,Middle,2,20,MANJIAJIAO,MENGSONG,35,0,-0.666666667,0.5,-0.333333333,-0.6,-1,0.666666667,0.5
20151005028,1,1,-1,1,1,1,-1,1,-1,1,1,0,-1,-1,1,1,1,-1,1,1,-1,-1,-1,1,-1,1,1,1,0,1,1.5,0,0,0.333333333,0.5,Hani,2,42,Middle,4,20,MANJIAJIAO,MENGSONG,2,1,-0.333333333,1,-0.666666667,0.6,-0.6,1,0.5
20151005029,1,1,1,1,1,1,1,1,1,1,-1,-1,1,-1,1,1,1,-1,1,1,-1,-1,-1,-1,-1,-1,1,0,1,1,1.5,3,0,0,0.25,Hani,1,55,Middle,4,20,MANJIAJIAO,MENGSONG,2,1,1,0,-0.333333333,0.6,-1,0,1
20151005030,1,-1,1,1,1,1,1,1,-1,1,-1,-1,1,-1,1,1,1,-1,0,1,-1,-1,-1,0,-1,1,1,1,1,1,7.5,0,1,0.333333333,0.5,Hani,2,39,None,5,75,MANJIAJIAO,MENGSONG,2,0,0.333333333,0,-0.333333333,0.4,-0.8,1,1
20151005031,1,1,-1,1,1,1,1,1,1,1,-1,1,-1,1,1,-1,1,-1,0,1,-1,-1,-1,0,-1,0,1,0,1,1,1.5,NA,0,0.333333333,0.25,Hani,1,59,Elementary,4,20,MANJIAJIAO,MENGSONG,10,1,1,0,0.333333333,0,-0.8,0.333333333,1
20151005032,-1,1,0,1,1,1,1,1,1,1,1,0,0,-1,1,1,1,0,1,1,0,0,0,-1,1,1,1,1,0,1,1.5,0,1,0.333333333,0.25,Hani,1,24,High,2,75,MANJIAJIAO,MENGSONG,10,0,1,1,-0.333333333,0.8,0,1,0.5
20151005033,1,1,0,1,1,1,0,1,1,1,1,1,0,1,1,1,1,1,1,1,1,1,1,1,1,1,1,1,1,1,1.5,3,1,0.333333333,0.5,Hani,1,26,High,5,75,MANJIAJIAO,MENGSONG,20,1,0.666666667,1,0.666666667,1,1,1,1
20151005034,1,1,-1,1,1,1,1,1,1,1,1,-1,1,1,1,1,1,-1,1,1,-1,-1,-1,-1,-1,0,1,-1,0,1,1.5,NA,1,0.333333333,0.25,Hani,1,21,Middle,5,125,MANJIAJIAO,MENGSONG,10,1,1,1,0.333333333,0.6,-1,0,0.5
20151007001,1,-1,1,0,1,1,-1,1,-1,1,1,1,1,1,1,-1,1,-1,1,1,-1,-1,1,0,-1,1,1,1,0,1,4,3,1,0.333333333,0.25,Hani,2,47,Elementary,3,75,MANERKE,MENGSONG,10,0,-0.333333333,1,1,0.2,-0.4,1,0.5
20151007002,1,1,0,1,1,1,1,1,1,1,1,-1,1,1,1,-1,-1,1,1,1,-1,-1,-1,-1,-1,1,1,1,1,1,1.5,3,-1,0.333333333,1,Hani,1,37,High,7,75,MANERKE,MENGSONG,5,1,1,1,0.333333333,0.2,-1,1,1
20151007003,1,1,1,0,1,1,0,1,-1,1,-1,-1,1,-1,1,1,1,-1,-1,1,-1,-1,-1,-1,-1,-1,1,1,1,1,1.5,3,-1,0,0.25,Hani,1,58,Middle,2,40,MANERKE,MENGSONG,5,1,0,0,-0.333333333,0.2,-1,0.333333333,1
20151007004,1,-1,0,1,1,1,-1,1,1,1,0,-1,-1,1,-1,1,1,-1,1,1,1,1,-1,-1,0,-1,-1,-1,-1,-1,1.5,0,0,0,0.25,Hani,1,37,Elementary,4,75,MANERKE,MENGSONG,5,0,0.333333333,-0.5,-0.333333333,0.6,0,-1,-1
20151007005,1,-1,1,0,1,1,1,1,1,1,1,1,1,1,1,1,1,1,1,1,1,1,-1,1,1,1,1,1,1,1,1.5,0,1,0,0,Hani,2,45,Elementary,2,75,MANERKE,MENGSONG,5,0,1,1,1,1,0.6,1,1
20151007006,0,1,-1,-1,1,1,-1,1,-1,1,-1,-1,1,-1,0,1,1,1,1,1,-1,-1,-1,-1,-1,1,1,0,-1,-1,4,3,-2,0,0.5,Hani,1,48,Middle,3,75,MANERKE,MENGSONG,5,0.5,-0.333333333,-0.5,-0.333333333,1,-1,0.666666667,-1
20151007007,1,1,-1,1,1,1,1,1,1,1,1,1,1,1,1,-1,-1,-1,1,1,-1,-1,-1,-1,-1,1,1,0,0,0,7.5,0,1,0,1,Hani,2,53,Middle,4,125,MANERKE,MENGSONG,5,1,1,1,1,-0.2,-1,0.666666667,0
20151007008,1,-1,1,-1,1,1,-1,1,0,1,0,1,1,1,1,0,1,-1,1,1,0,-1,-1,1,-1,0,1,1,1,1,7.5,0,1,0.333333333,0.75,Hani,2,34,High,6,40,MANERKE,MENGSONG,5,0,0,0.5,1,0.4,-0.4,0.666666667,1
20151007009,1,1,-1,0,1,1,1,1,1,1,0,0,1,-1,1,1,1,0,1,0,-1,-1,-1,0,-1,1,1,1,1,1,1.5,3,-1,0,0.75,Hani,1,45,Middle,6,75,MANERKE,MENGSONG,10,1,1,0.5,0,0.6,-0.8,1,1
20151007010,1,1,1,1,1,1,1,1,1,1,1,-1,1,-1,1,1,1,-1,-1,0,1,1,1,-1,1,1,1,1,1,1,1.5,0,1,0,0.25,Hani,1,62,Elementary,1,20,MANERKE,MENGSONG,10,1,1,1,-0.333333333,0,0.6,1,1
20151006001,1,1,1,-1,1,-1,1,1,0,1,1,1,1,1,1,-1,1,-1,1,1,-1,-1,-1,-1,-1,1,1,1,1,1,1.5,0,1,0,0.25,Hani,1,47,Elementary,1,40,MANJIAGANBIAN,MENGSONG,5,1,0,1,1,0.2,-1,1,1
20151006002,1,1,1,-1,1,-1,-1,1,1,1,1,1,1,1,1,1,1,1,1,0,-1,-1,-1,-1,-1,0,1,0,1,1,4,0,1,0.333333333,0.25,Hani,2,54,Middle,3,125,MANJIAGANBIAN,MENGSONG,10,1,-0.333333333,1,1,0.8,-1,0.333333333,1
20151006003,1,1,1,1,1,1,1,1,1,1,1,-1,1,-1,1,1,1,-1,1,-1,-1,-1,-1,-1,-1,0,1,-1,0,1,1.5,0,1,0.333333333,0.5,Hani,1,45,Elementary,2,40,MANJIAGANBIAN,MENGSONG,30,1,1,1,-0.333333333,0.2,-1,0,0.5
20151006004,1,1,1,1,1,1,1,1,1,1,1,-1,1,-1,1,1,1,-1,1,-1,-1,-1,-1,1,-1,-1,1,1,0,1,1.5,0,0,0.333333333,0.25,Hani,1,42,Middle,3,75,MANJIAGANBIAN,MENGSONG,10,1,1,1,-0.333333333,0.2,-0.6,0.333333333,0.5
20151006005,1,1,1,-1,1,1,-1,1,-1,1,-1,-1,1,-1,1,-1,-1,-1,-1,1,-1,-1,-1,-1,-1,0,0,0,0,1,1.5,0,NA,0.333333333,0.25,Hani,1,51,Middle,3,40,MANJIAGANBIAN,MENGSONG,15,1,-0.333333333,0,-0.333333333,-0.6,-1,0,0.5
20151006006,1,1,1,1,1,1,1,1,-1,1,1,1,1,0,1,-1,0,-1,1,0,-1,-1,-1,-1,-1,1,1,1,0,1,4,0,NA,0,0.25,Hani,2,58,Middle,7,75,MANJIAGANBIAN,MENGSONG,20,1,0.333333333,1,0.666666667,-0.2,-1,1,0.5
20151006007,0,-1,0,-1,-1,-1,1,1,1,1,1,-1,1,-1,1,-1,-1,-1,-1,0,-1,-1,-1,-1,-1,0,-1,0,0,1,1.5,0,1,0.333333333,0.5,Hani,1,33,Elementary,4,20,MANJIAGANBIAN,MENGSONG,10,-0.5,0.333333333,1,-0.333333333,-0.8,-1,-0.333333333,0.5
20151006008,0,-1,-1,-1,1,1,-1,1,-1,0,1,-1,1,0,1,-1,-1,-1,1,-1,-1,-1,-1,-1,-1,0,0,1,1,1,1.5,0,1,0,0.5,Hani,1,34,Elementary,5,40,MANJIAGANBIAN,MENGSONG,20,-0.5,-0.333333333,1,0,-0.6,-1,0.333333333,1
20151006009,1,-1,1,-1,1,1,1,1,1,1,1,1,1,1,1,1,1,1,1,1,-1,-1,-1,-1,-1,1,1,1,1,1,1.5,0,1,0,0.25,Hani,1,40,Elementary,3,40,MANJIAGANBIAN,MENGSONG,20,0,1,1,1,1,-1,1,1
20151006010,1,-1,0,-1,1,-1,-1,1,1,1,1,-1,1,0,1,-1,-1,-1,1,0,-1,-1,-1,-1,-1,1,1,1,1,1,1.5,0,1,0,0.25,Hani,1,45,Elementary,4,75,MANJIAGANBIAN,MENGSONG,20,0,-0.333333333,1,0,-0.4,-1,1,1
20151006011,1,1,-1,1,1,1,1,1,1,1,-1,-1,1,1,1,1,1,-1,1,-1,-1,-1,-1,-1,-1,1,1,1,1,1,1.5,0,1,0,0.25,Hani,1,28,Middle,7,20,MANJIAGANBIAN,MENGSONG,10,1,1,0,0.333333333,0.2,-1,1,1
20151006012,1,1,0,1,1,1,1,1,1,1,1,1,1,0,1,1,1,1,1,1,1,0,1,1,0,1,1,1,1,1,NA,0,0,0,0.5,Hani,2,26,Middle,6,40,MANJIAGANBIAN,MENGSONG,20,1,1,1,0.666666667,1,0.6,1,1
20151006013,1,1,-1,1,1,1,1,1,1,1,-1,-1,1,1,1,1,1,1,1,1,1,0,1,1,1,1,1,1,1,1,1.5,0,1,0.333333333,0.5,Hani,1,32,Elementary,5,20,MANJIAGANBIAN,MENGSONG,10,1,1,0,0.333333333,1,0.8,1,1
20150916001,1,-1,1,-1,-1,-1,1,1,0,1,1,0,-1,0,0,1,1,-1,-1,1,-1,-1,-1,-1,-1,0,0,0,0,0,1.5,3,NA,0,0.75,Lahu,2,37,Elementary,6,7.5,ANMAXINZHAI,NABANHE,NA,0,0,0.5,-0.333333333,0.2,-1,0,0
20150916002,1,-1,1,1,1,-1,-1,1,1,1,1,0,1,1,1,-1,-1,1,0,1,1,1,0,0,-1,1,0,1,0,1,NA,3,NA,0,0.5,Lahu,1,45,None,4,7.5,ANMAXINZHAI,NABANHE,20,0,-0.333333333,1,0.666666667,0,0.2,0.666666667,0.5
20150916003,1,-1,1,0,1,-1,1,1,1,1,1,1,1,1,1,1,1,-1,0,1,-1,-1,-1,0,-1,1,1,1,1,1,1.5,NA,1,0.333333333,0.5,Lahu,1,45,None,5,20,ANMAXINZHAI,NABANHE,30,0,0.333333333,1,1,0.4,-0.8,1,1
20150916004,1,0,1,-1,1,-1,-1,1,0,1,0,1,-1,1,1,-1,-1,-1,0,1,-1,-1,1,0,-1,0,-1,1,1,1,1.5,3,NA,0.333333333,0,Lahu,2,57,None,3,7.5,ANMAXINZHAI,NABANHE,NA,0.5,-0.666666667,0.5,0.333333333,-0.4,-0.4,0,1
20150916005,1,-1,1,1,1,-1,1,1,1,1,1,1,1,1,1,0,1,1,0,1,-1,-1,1,0,1,1,1,1,0,0,1.5,3,1,0,0.5,Lahu,2,53,None,5,5,ANMAXINZHAI,NABANHE,NA,0,0.333333333,1,1,0.6,0,1,0
20150916006,1,1,1,1,1,1,1,1,1,1,1,1,-1,1,1,1,1,1,1,1,-1,-1,1,1,1,-1,1,1,1,1,1.5,NA,0,0.333333333,0.5,Lahu,1,18,Elementary,4,20,ANMAXINZHAI,NABANHE,20,1,1,1,0.333333333,1,0.2,0.333333333,1
20150916007,1,1,1,1,1,1,-1,1,1,1,1,1,1,1,1,-1,-1,-1,1,1,-1,-1,-1,-1,-1,1,1,1,-1,-1,NA,NA,1,0.333333333,0.25,Lahu,1,17,Elementary,4,20,ANMAXINZHAI,NABANHE,60,1,0.333333333,1,1,-0.2,-1,1,-1
20150916008,1,-1,-1,1,1,1,-1,1,1,1,1,-1,-1,-1,1,1,1,-1,1,1,-1,-1,-1,1,-1,1,1,1,-1,-1,12.5,17.5,0,0.333333333,0.25,Lahu,2,30,Middle,3,7.5,ANMAXINZHAI,NABANHE,30,0,0.333333333,1,-1,0.6,-0.6,1,-1
20150916009,1,1,1,-1,1,1,-1,1,1,1,1,1,1,-1,1,1,1,-1,1,1,-1,-1,-1,1,-1,0,1,1,0,1,1.5,7.5,1,0.333333333,0.25,Lahu,2,32,None,6,20,ANMAXINZHAI,NABANHE,60,1,0.333333333,1,0.333333333,0.6,-0.6,0.666666667,0.5
20150914001,1,1,-1,1,1,1,-1,1,-1,1,1,1,1,1,1,1,1,1,1,1,-1,-1,-1,1,1,1,1,1,0,1,1.5,NA,1,0.333333333,0.25,Dai,1,22,Middle,7,20,NABAN,NABANHE,5,1,-0.333333333,1,1,1,-0.2,1,0.5
20150914002,1,-1,-1,0,1,-1,-1,1,1,1,1,0,1,1,1,1,1,-1,0,1,-1,-1,1,0,-1,1,1,1,0,0,NA,0,NA,0,0.25,Dai,1,45,None,7,7.5,NABAN,NABANHE,0,0,-0.333333333,1,0.666666667,0.4,-0.4,1,0
20150914003,1,1,1,1,1,1,-1,1,1,0,1,1,1,1,1,1,1,1,0,1,1,-1,-1,-1,1,-1,1,1,1,0,1.5,0,1,0,0.75,Dai,2,35,Elementary,4,20,NABAN,NABANHE,0,1,0.333333333,1,1,0.8,-0.2,0.333333333,0.5
20150914004,1,1,1,-1,1,-1,-1,1,-1,1,1,0,1,1,0,1,1,-1,1,1,-1,-1,-1,-1,-1,0,0,1,1,1,1.5,0,2,0,0.25,Dai,1,33,Elementary,2,7.5,NABAN,NABANHE,10,1,-1,0.5,0.666666667,0.6,-1,0.333333333,1
20150914005,1,-1,1,-1,1,1,-1,1,1,1,1,1,1,1,1,1,1,1,0,1,-1,-1,1,0,-1,1,1,1,0,1,12.5,0,1,0.333333333,0.25,Dai,1,57,None,3,20,NABAN,NABANHE,0,0,0.333333333,1,1,0.8,-0.4,1,0.5
20150914006,0,-1,1,-1,1,-1,-1,1,1,1,1,1,1,1,1,1,1,1,1,1,-1,-1,-1,0,-1,1,1,1,0,1,7.5,0,1,0,0.25,Dai,2,47,Elementary,5,20,NABAN,NABANHE,0,-0.5,-0.333333333,1,1,1,-0.8,1,0.5
20150914007,1,1,-1,1,1,1,1,1,1,1,1,-1,1,1,1,1,1,-1,1,1,1,-1,1,1,1,1,1,1,1,1,NA,NA,1,0,0.25,Dai,1,20,Elementary,3,20,NABAN,NABANHE,1,1,1,1,0.333333333,0.6,0.6,1,1
20150914008,1,1,1,0,0,-1,-1,1,-1,1,1,0,1,1,1,0,0,1,0,1,-1,-1,-1,0,1,1,1,1,1,1,NA,NA,1,0,0,Dai,2,50,None,4,20,NABAN,NABANHE,0,1,-1,1,0.666666667,0.4,-0.4,1,1
20150914009,1,-1,-1,-1,1,1,-1,1,1,1,1,1,1,1,1,1,1,1,1,1,-1,-1,-1,1,1,1,1,1,1,1,1.5,0,1,0,0,Dai,1,37,Elementary,6,20,NABAN,NABANHE,0,0,0.333333333,1,1,1,-0.2,1,1
20150914010,1,1,1,1,1,-1,1,1,1,1,1,1,1,1,1,1,1,-1,1,1,1,-1,1,1,1,1,1,1,0,1,1.5,0,0,0.333333333,0.25,Dai,1,40,Elementary,4,20,NABAN,NABANHE,0,1,0.333333333,1,1,0.6,0.6,1,0.5
20150914011,1,1,-1,1,1,-1,1,1,1,1,1,1,1,1,1,-1,1,-1,1,1,-1,-1,-1,-1,-1,1,1,1,1,1,1.5,NA,1,0,0.5,Dai,1,28,Elementary,4,40,NABAN,NABANHE,0,1,0.333333333,1,1,0.2,-1,1,1
20150914012,1,-1,-1,1,1,-1,-1,1,1,1,1,-1,1,1,1,1,1,-1,0,1,-1,-1,-1,0,-1,1,1,1,0,1,NA,0,1,0,0.25,Dai,2,43,None,3,20,NABAN,NABANHE,0,0,-0.333333333,1,0.333333333,0.4,-0.8,1,0.5
20150914013,-1,1,-1,-1,1,-1,-1,1,1,1,1,-1,-1,-1,1,-1,-1,1,0,1,-1,-1,-1,0,-1,-1,-1,-1,-1,-1,1.5,NA,0,0.333333333,0.25,Dai,1,40,Elementary,6,40,NABAN,NABANHE,0,0,-0.333333333,1,-1,0,-0.8,-1,-1
20150917001,1,1,1,-1,1,-1,1,1,1,1,1,1,1,1,1,-1,1,-1,1,1,-1,-1,-1,-1,-1,1,1,1,1,1,12.5,0,1,0,0,Lahu,1,38,Elementary,4,7.5,DANUOYOU,NABANHE,NA,1,0.333333333,1,1,0.2,-1,1,1
20150917002,1,-1,1,0,1,1,-1,1,1,1,1,1,-1,1,1,1,1,-1,1,1,-1,-1,-1,0,-1,1,1,1,1,1,4,0,1,0,0.25,Lahu,1,27,Elementary,6,7.5,DANUOYOU,NABANHE,NA,0,0.333333333,1,0.333333333,0.6,-0.8,1,1
20150917003,1,1,1,1,1,-1,1,-1,1,1,1,1,1,1,1,1,1,-1,1,1,-1,-1,-1,1,-1,1,1,1,0,1,15,0,1,0,0.5,Lahu,1,31,Elementary,5,5,DANUOYOU,NABANHE,10,1,0.333333333,1,1,0.6,-0.6,1,0.5
20150917004,1,1,0,1,1,1,0,1,1,1,0,1,1,0,1,1,1,1,1,1,0,0,1,1,1,1,1,1,0,0,15,0,0,0.666666667,0.5,Lahu,1,29,High,4,40,DANUOYOU,NABANHE,40,1,0.666666667,0.5,0.666666667,1,0.6,1,0
20150917005,1,1,1,-1,1,-1,-1,1,1,1,1,1,-1,1,1,-1,-1,-1,1,1,-1,-1,-1,-1,-1,0,0,0,0,0,12.5,0,1,0,0.75,Lahu,2,56,Elementary,5,20,DANUOYOU,NABANHE,25,1,-0.333333333,1,0.333333333,-0.2,-1,0,0
20150917006,1,1,1,-1,-1,1,1,1,1,1,0,0,-1,1,1,-1,1,1,-1,1,-1,-1,-1,0,-1,0,0,0,1,1,15,0,1,0,0.25,Lahu,1,40,Middle,4,7.5,DANUOYOU,NABANHE,120,1,1,0.5,0,0.2,-0.8,0,1
20150917007,1,1,1,-1,1,-1,1,1,1,1,1,1,1,-1,1,1,1,-1,0,1,-1,-1,-1,0,-1,1,-1,1,1,1,0,0,1,0,0,Lahu,1,40,Elementary,4,7.5,DANUOYOU,NABANHE,20,1,0.333333333,1,0.333333333,0.4,-0.8,0.333333333,1
20150917008,1,-1,-1,1,1,1,-1,1,1,1,-1,1,1,1,1,-1,1,-1,1,1,-1,1,1,1,-1,-1,1,1,-1,-1,15,3,1,0,0.25,Lahu,1,17,Middle,6,20,DANUOYOU,NABANHE,120,0,0.333333333,0,1,0.2,0.2,0.333333333,-1
20150917009,1,1,1,0,1,-1,1,1,1,1,-1,1,1,1,1,-1,-1,-1,1,1,-1,-1,-1,-1,-1,1,1,1,1,1,12.5,0,1,0,0.5,Lahu,1,47,Elementary,3,20,DANUOYOU,NABANHE,20,1,0.333333333,0,1,-0.2,-1,1,1
20150917010,1,1,1,1,1,1,1,1,1,1,-1,1,-1,1,1,1,1,-1,1,1,-1,-1,-1,1,-1,1,1,1,-1,-1,12.5,0,1,0.333333333,0.25,Lahu,1,32,Middle,1,5,DANUOYOU,NABANHE,20,1,1,0,0.333333333,0.6,-0.6,1,-1
20150917011,1,1,1,0,1,-1,1,1,1,0,1,0,-1,0,1,-1,1,-1,0,0,-1,-1,-1,0,-1,0,0,1,1,1,1.5,NA,NA,0.333333333,0,Lahu,1,53,None,3,20,DANUOYOU,NABANHE,20,1,0.333333333,1,-0.333333333,-0.2,-0.8,0.333333333,1
20150917012,-1,1,1,1,1,-1,1,1,1,1,-1,1,1,1,1,1,1,1,1,1,1,1,1,1,-1,1,1,1,1,1,15,0,1,0.333333333,0.5,Lahu,1,60,Elementary,4,5,DANUOYOU,NABANHE,30,0,0.333333333,0,1,1,0.6,1,1
20150917013,1,-1,-1,0,1,-1,-1,1,0,1,1,1,1,1,1,-1,-1,1,0,1,-1,-1,-1,-1,-1,1,1,1,1,1,NA,0,NA,0,0,Lahu,1,43,Elementary,3,20,DANUOYOU,NABANHE,NA,0,-0.666666667,1,1,0,-1,1,1
20150917014,1,0,1,-1,1,-1,-1,1,1,1,1,0,1,1,1,1,-1,-1,1,1,-1,-1,-1,-1,-1,1,1,1,0,-1,1.5,0,NA,0.333333333,0.25,Lahu,1,51,Middle,4,20,DANUOYOU,NABANHE,40,0.5,-0.333333333,1,0.666666667,0.2,-1,1,-0.5
20150917015,1,-1,1,-1,1,1,1,1,1,1,1,1,-1,-1,1,1,1,-1,1,1,-1,-1,-1,1,-1,1,1,1,-1,-1,4,0,1,0.333333333,0.25,Lahu,1,41,Elementary,5,20,DANUOYOU,NABANHE,30,0,1,1,-0.333333333,0.6,-0.6,1,-1
20150917016,1,-1,-1,1,1,-1,-1,1,1,1,1,1,1,1,1,1,1,1,1,1,-1,-1,-1,1,-1,0,0,1,0,0,12.5,0,1,0,0.25,Lahu,1,28,Elementary,3,20,DANUOYOU,NABANHE,NA,0,-0.333333333,1,1,1,-0.6,0.333333333,0
20150917017,1,0,1,-1,1,-1,-1,1,1,1,1,1,1,1,1,0,1,-1,1,1,-1,-1,-1,-1,-1,1,1,1,1,1,1.5,3,1,0,0,Lahu,1,53,Elementary,3,20,DANUOYOU,NABANHE,10,0.5,-0.333333333,1,1,0.4,-1,1,1
20150917018,1,1,1,-1,1,-1,-1,1,1,1,1,1,-1,1,1,1,1,1,1,1,-1,-1,1,1,-1,-1,1,1,1,1,12.5,3,1,0.333333333,0,Lahu,1,40,None,3,20,DANUOYOU,NABANHE,60,1,-0.333333333,1,0.333333333,1,-0.2,0.333333333,1
20150917019,1,1,-1,-1,1,-1,-1,1,1,0,1,1,-1,1,1,-1,1,-1,1,1,-1,-1,-1,1,-1,0,1,1,0,1,0,NA,1,0,0,Lahu,2,30,Elementary,3,20,DANUOYOU,NABANHE,NA,1,-0.333333333,1,0.333333333,0.2,-0.6,0.666666667,0.5
20150918001,1,1,1,0,1,-1,1,1,1,1,1,1,1,1,1,-1,1,-1,0,1,-1,-1,-1,0,-1,0,1,0,-1,-1,1.5,0,1,0.333333333,0.25,Hani,1,66,None,7,20,HUIMAHE,NABANHE,2,1,0.333333333,1,1,0,-0.8,0.333333333,-1
20150918002,1,1,1,1,1,-1,1,1,1,1,1,-1,1,1,1,1,1,-1,0,1,-1,-1,-1,0,-1,1,1,0,1,1,1.5,NA,0,0,0,Hani,1,40,None,7,20,HUIMAHE,NABANHE,3,1,0.333333333,1,0.333333333,0.4,-0.8,0.666666667,1
20150918003,1,1,1,1,1,-1,-1,1,1,1,1,1,1,1,1,1,-1,-1,0,1,-1,-1,-1,0,-1,0,1,0,0,1,1.5,0,NA,0,0.25,Hani,1,46,None,7,20,HUIMAHE,NABANHE,5,1,-0.333333333,1,1,0,-0.8,0.333333333,0.5
20150918004,1,-1,1,-1,1,-1,1,1,1,1,1,0,1,1,1,-1,-1,-1,0,1,-1,-1,-1,0,-1,1,1,1,0,1,4,3,1,0.333333333,0.25,Hani,1,48,None,3,20,HUIMAHE,NABANHE,30,0,0.333333333,1,0.666666667,-0.4,-0.8,1,0.5
20150918005,1,-1,1,-1,-1,-1,-1,1,1,1,0,-1,-1,-1,1,-1,-1,-1,1,1,-1,-1,-1,1,-1,-1,-1,-1,1,1,1.5,3,0,0,0.25,Hani,1,51,Elementary,5,40,HUIMAHE,NABANHE,5,0,-0.333333333,0.5,-1,-0.2,-0.6,-1,1
20150918006,1,1,1,1,1,-1,1,1,1,1,1,1,1,-1,1,1,1,-1,0,1,-1,-1,-1,0,-1,1,1,1,1,1,7.5,0,1,0,0,Hani,2,40,None,5,20,HUIMAHE,NABANHE,30,1,0.333333333,1,0.333333333,0.4,-0.8,1,1
20150918007,1,1,1,1,1,-1,1,1,1,1,-1,1,1,1,1,-1,-1,-1,1,1,-1,-1,-1,-1,-1,1,1,1,1,1,7.5,0,1,0,0.25,Hani,1,42,None,4,20,HUIMAHE,NABANHE,10,1,0.333333333,0,1,-0.2,-1,1,1
20150918008,1,1,1,1,1,1,1,1,1,1,1,1,-1,1,1,1,1,-1,0,1,-1,-1,-1,0,-1,1,-1,1,1,1,1.5,3,1,0.333333333,0.25,Hani,1,60,None,3,20,PABIN,NABANHE,NONE,1,1,1,0.333333333,0.4,-0.8,0.333333333,1
20150918009,1,1,1,1,1,-1,1,1,1,1,1,1,1,1,1,1,-1,0,1,-1,-1,-1,0,-1,1,1,1,1,1,1,1.5,3,1,0.333333333,0.25,Hani,2,53,None,4,40,PABIN,NABANHE,30,1,0.333333333,1,1,0,-0.4,1,1
20150918010,1,1,-1,1,1,1,1,1,1,1,1,1,1,1,1,1,1,-1,1,1,-1,-1,-1,1,-1,1,1,1,0,1,12.5,0,1,0,0.25,Hani,1,40,Middle,4,40,PABIN,NABANHE,15,1,1,1,1,0.6,-0.6,1,0.5
20150918011,1,1,1,-1,1,1,1,1,1,1,1,1,1,1,1,1,1,-1,1,1,-1,-1,-1,1,-1,1,1,1,1,1,12.5,0,1,0,0.25,Hani,1,37,None,4,20,PABIN,NABANHE,15,1,1,1,1,0.6,-0.6,1,1
20150918012,1,1,1,1,1,1,1,1,1,1,1,1,-1,1,1,1,1,-1,1,1,-1,-1,-1,-1,-1,1,1,1,0,1,12.5,0,1,0.333333333,0.25,Hani,1,43,Elementary,3,20,PABIN,NABANHE,15,1,1,1,0.333333333,0.6,-1,1,0.5
20150918013,1,1,1,-1,1,1,1,1,1,1,1,1,1,1,1,-1,-1,-1,0,1,1,1,1,0,1,1,1,1,1,1,4,0,1,0.333333333,0,Hani,1,51,None,3,20,PABIN,NABANHE,20,1,1,1,1,-0.4,0.8,1,1
20150918014,1,1,1,-1,1,1,-1,1,1,1,1,1,1,1,1,1,1,-1,0,1,-1,-1,-1,0,-1,1,1,1,1,1,4,3,2,0.333333333,0.25,Hani,1,67,None,8,40,HUIMAHE,NABANHE,2,1,0.333333333,1,1,0.4,-0.8,1,1
20150918015,1,-1,1,1,1,1,-1,1,1,1,1,1,-1,1,1,1,1,-1,1,1,1,1,1,1,-1,1,1,1,0,1,7.5,0,1,0,0,Hani,1,38,None,4,20,HUIMAHE,NABANHE,30,0,0.333333333,1,0.333333333,0.6,0.6,1,0.5
20150918016,1,1,-1,1,1,1,1,1,1,1,1,1,1,1,1,1,1,-1,1,1,-1,-1,-1,-1,-1,0,1,1,0,1,7.5,0,1,0.333333333,0.25,Hani,1,37,Elementary,3,20,PABIN,NABANHE,30,1,1,1,1,0.6,-1,0.666666667,0.5
20150918017,1,-1,1,1,1,1,1,1,1,1,1,1,1,1,1,1,1,-1,0,1,-1,-1,-1,0,-1,1,1,1,1,1,4,0,1,0,0.25,Hani,1,48,None,6,20,PABIN,NABANHE,15,0,1,1,1,0.4,-0.8,1,1
20150918018,1,1,1,-1,1,-1,1,1,1,1,1,1,-1,0,1,1,1,-1,1,1,-1,-1,-1,-1,-1,1,1,1,0,1,4,0,1,0,0.25,Hani,2,43,Elementary,5,20,PABIN,NABANHE,10,1,0.333333333,1,0,0.6,-1,1,0.5
20150918019,1,-1,1,0,1,-1,-1,1,1,1,1,1,1,1,1,1,1,-1,0,1,-1,-1,-1,0,-1,0,0,1,0,-1,1.5,0,1,0,0.25,Hani,1,53,None,5,40,PABIN,NABANHE,30,0,-0.333333333,1,1,0.4,-0.8,0.333333333,-0.5
20150918020,1,1,1,1,1,1,1,1,1,1,1,1,1,1,1,1,1,-1,0,1,-1,-1,-1,0,-1,1,1,1,0,1,15,0,1,0,0.25,Hani,1,36,Middle,4,40,PABIN,NABANHE,2,1,1,1,1,0.4,-0.8,1,0.5
20150918021,1,-1,1,1,1,-1,1,1,1,1,1,1,1,1,1,1,1,-1,0,1,-1,-1,-1,0,-1,0,0,1,-1,-1,7.5,0,1,0.333333333,0.25,Hani,2,47,None,5,75,PABIN,NABANHE,5,0,0.333333333,1,1,0.4,-0.8,0.333333333,-1
20150918022,1,-1,0,-1,-1,1,-1,1,-1,1,0,1,0,0,1,0,1,-1,0,1,-1,-1,-1,0,-1,0,0,0,-1,1,1.5,0,0,0,0.25,Hani,1,47,None,4,5,HUIMAHE,NABANHE,5,0,-0.333333333,0.5,0.333333333,0.2,-0.8,0,0
20150919001,1,1,0,-1,1,1,-1,1,1,1,1,1,-1,1,1,1,1,-1,-1,1,-1,-1,-1,0,-1,0,1,1,1,1,NA,NA,1,0,0.25,Lahu,1,49,Elementary,9,40,MANFEI,NABANHE,20,1,0.333333333,1,0.333333333,0.2,-0.8,0.666666667,1
20150919002,1,1,-1,1,1,1,-1,1,1,1,1,1,1,1,1,-1,-1,-1,1,1,-1,-1,-1,-1,-1,1,1,1,0,1,NA,NA,NA,0,0.25,Lahu,1,17,Middle,4,40,MANFEI,NABANHE,30,1,0.333333333,1,1,-0.2,-1,1,0.5
20150919003,1,1,-1,1,1,1,0,1,0,1,0,1,-1,1,1,1,1,-1,-1,1,-1,-1,-1,-1,-1,0,1,0,1,1,NA,NA,0,0,0.25,Lahu,1,48,Elementary,1,20,MANFEI,NABANHE,2,1,0.333333333,0.5,0.333333333,0.2,-1,0.333333333,1
20150919004,1,-1,1,1,1,1,1,1,1,1,1,1,-1,1,1,1,1,-1,-1,1,-1,-1,-1,-1,-1,1,1,1,1,1,4,0,1,0.333333333,0.25,Lahu,1,49,Elementary,7,20,MANFEI,NABANHE,20,0,1,1,0.333333333,0.2,-1,1,1
20150919005,-1,1,1,1,1,1,1,1,1,1,1,1,1,1,1,1,1,1,1,1,1,1,1,1,1,1,1,1,1,1,1.5,0,1,0,0.25,Lahu,2,25,Middle,5,7.5,MANFEI,NABANHE,10,0,1,1,1,1,1,1,1
20150919006,1,1,-1,1,1,1,1,1,1,1,1,1,1,1,1,0,1,-1,1,0,-1,-1,-1,1,-1,0,1,0,1,1,1.5,3,0,0,0.25,Lahu,1,59,Middle,6,20,MANFEI,NABANHE,10,1,1,1,1,0.2,-0.6,0.333333333,1
20150919007,0,1,-1,1,1,1,1,1,1,1,1,1,-1,-1,1,1,1,1,1,1,-1,-1,-1,1,-1,1,1,1,1,1,1.5,0,0,0.333333333,0.5,Lahu,2,34,Secondary school,6,20,MANFEI,NABANHE,30,0.5,1,1,-0.333333333,1,-0.6,1,1
20150919008,1,-1,1,1,1,1,1,1,1,1,1,0,1,1,1,1,1,-1,0,1,1,1,-1,-1,-1,0,0,1,1,1,1.5,0,-1,0,0,Lahu,1,25,Middle,6,75,MANFEI,NABANHE,40,0,1,1,0.666666667,0.4,-0.2,0.333333333,1
20150919009,0,-1,-1,-1,0,1,-1,1,-1,1,1,1,-1,0,1,1,1,-1,-1,1,-1,-1,-1,-1,-1,1,1,1,1,1,1.5,0,0,0.666666667,0.25,Lahu,1,45,Elementary,4,20,MANFEI,NABANHE,30,-0.5,-0.333333333,1,0,0.2,-1,1,1
20150919010,1,1,1,0,1,1,-1,1,0,1,-1,-1,-1,0,-1,1,1,-1,1,1,-1,-1,-1,-1,-1,1,1,-1,1,1,1.5,3,-1,0.333333333,0.25,Lahu,2,30,Middle,6,20,MANFEI,NABANHE,60,1,0,-1,-0.666666667,0.6,-1,0.333333333,1
20150919011,0,1,1,1,1,1,1,1,-1,1,1,0,-1,0,1,0,1,-1,-1,1,-1,-1,-1,-1,0,1,1,1,0,0,4,0,0,0,0.25,Lahu,1,56,Middle,5,40,MANFEI,NABANHE,30,0.5,0.333333333,1,-0.333333333,0,-0.8,1,0
20150919012,1,1,1,1,1,1,1,1,1,1,1,1,1,1,1,1,1,1,1,1,-1,-1,-1,-1,-1,1,1,1,0,-1,15,0,1,0,0.25,Lahu,1,32,Elementary,8,20,MANFEI,NABANHE,20,1,1,1,1,1,-1,1,-0.5